date,value
6,0.0
6,0.0
10,0.0
10,0.0
10,0.0
11,0.0
12,0.0
13,0.0
14,0.0
14,0.0
15,0.0
16,0.0
17,0.0
17,0.0
18,0.0
18,0.0
18,0.0
18,0.0
18,0.0
18,0.0
19,0.0
19,0.0
19,0.0
20,0.0
20,0.0
20,0.0
20,0.0
21,4.0
22,0.0
22,0.0
22,0.0
22,4.0
23,0.0
23,0.0
23,0.0
23,0.0
23,0.0
23,8.0
24,0.0
24,8.0
25,0.0
25,0.0
25,0.0
25,0.0
25,0.0
25,0.0
25,0.0
25,4.0
25,8.0
25,8.0
26,0.0
26,0.0
26,0.0
26,0.0
26,3.0
27,0.0
27,0.0
27,0.0
27,0.0
28,0.0
28,0.0
28,0.0
28,0.0
28,0.0
28,0.0
28,0.0
29,0.0
29,0.0
29,0.0
29,0.0
29,0.0
29,0.0
29,0.0
30,0.0
30,0.0
30,0.0
31,0.0
31,0.0
31,0.0
31,0.0
31,0.0
31,0.0
31,3.0
32,0.0
32,0.0
32,0.0
32,0.0
32,0.0
32,0.0
32,0.0
32,0.0
32,0.0
32,0.0
33,0.0
33,0.0
33,0.0
33,0.0
33,0.0
33,3.0
33,3.0
34,0.0
34,0.0
34,0.0
34,0.0
34,0.0
34,2.0
34,2.0
35,0.0
35,0.0
35,0.0
35,0.0
35,0.0
35,0.0
35,0.0
35,0.0
35,2.0
35,5.0
35,5.0
35,8.0
36,0.0
36,0.0
36,0.0
36,0.0
36,0.0
36,0.0
36,0.0
36,2.0
36,2.0
36,2.0
36,5.0
37,0.0
37,0.0
37,0.0
37,0.0
37,0.0
37,0.0
37,0.0
37,0.0
37,0.0
37,0.0
37,2.0
37,2.0
37,2.0
37,5.0
38,0.0
38,0.0
38,0.0
38,0.0
38,0.0
38,0.0
39,0.0
39,0.0
39,0.0
39,0.0
39,0.0
39,0.0
39,0.0
39,0.0
39,2.0
39,2.0
39,2.0
39,5.0
40,0.0
40,0.0
40,0.0
40,0.0
40,0.0
40,2.0
40,2.0
40,2.0
40,2.0
40,2.0
41,0.0
41,0.0
41,0.0
41,0.0
41,0.0
41,0.0
41,0.0
41,0.0
41,0.0
41,0.0
41,2.0
41,2.0
41,4.0
41,4.0
42,0.0
42,0.0
42,0.0
42,0.0
42,0.0
42,0.0
42,0.0
42,0.0
42,0.0
42,0.0
43,0.0
43,0.0
43,0.0
43,0.0
43,0.0
43,0.0
43,0.0
43,0.0
43,0.0
43,2.0
43,2.0
44,0.0
44,0.0
44,0.0
44,0.0
44,0.0
44,0.0
44,0.0
44,2.0
44,2.0
44,2.0
44,2.0
44,2.0
44,2.0
45,0.0
45,0.0
45,0.0
45,0.0
45,0.0
45,0.0
45,0.0
45,0.0
45,0.0
45,0.0
45,2.0
45,2.0
45,2.0
45,2.0
45,2.0
45,2.0
45,2.0
45,4.0
46,0.0
46,0.0
46,0.0
46,0.0
46,0.0
46,0.0
46,0.0
46,0.0
46,0.0
46,0.0
46,0.0
46,2.0
46,2.0
46,2.0
46,4.0
46,6.0
47,0.0
47,0.0
47,0.0
47,0.0
47,0.0
47,8.0
48,0.0
48,0.0
48,0.0
48,0.0
48,0.0
48,0.0
48,0.0
48,0.0
48,0.0
48,0.0
48,0.0
48,2.0
48,2.0
48,4.0
49,0.0
49,0.0
49,0.0
49,0.0
49,0.0
49,0.0
49,0.0
49,0.0
49,0.0
49,2.0
49,2.0
50,0.0
50,0.0
50,0.0
50,0.0
50,0.0
50,0.0
50,0.0
50,0.0
50,0.0
50,0.0
50,2.0
50,2.0
50,2.0
50,2.0
51,0.0
51,0.0
51,0.0
51,0.0
51,0.0
51,0.0
51,0.0
51,0.0
51,0.0
51,0.0
51,0.0
51,1.0
51,1.0
51,1.0
52,0.0
52,0.0
52,0.0
52,0.0
52,0.0
52,0.0
52,0.0
52,0.0
52,0.0
52,0.0
52,0.0
52,0.0
52,0.0
52,1.0
52,1.0
52,1.0
52,1.0
52,3.0
53,0.0
53,0.0
53,0.0
53,0.0
53,0.0
53,0.0
53,0.0
53,0.0
53,0.0
53,0.0
53,0.0
53,0.0
53,0.0
53,0.0
53,0.0
53,0.0
53,0.0
53,0.0
53,0.0
53,0.0
53,0.0
53,0.0
53,0.0
53,0.0
53,1.0
53,1.0
53,1.0
53,3.0
54,0.0
54,0.0
54,0.0
54,0.0
54,0.0
54,0.0
54,0.0
54,0.0
54,0.0
54,0.0
54,0.0
54,0.0
54,1.0
54,1.0
54,1.0
54,1.0
54,1.0
54,1.0
55,0.0
55,0.0
55,0.0
55,0.0
55,0.0
55,0.0
55,0.0
55,0.0
55,0.0
55,1.0
55,1.0
55,1.0
55,3.0
55,3.0
55,7.0
56,0.0
56,0.0
56,0.0
56,0.0
56,0.0
56,0.0
56,0.0
56,0.0
56,0.0
56,0.0
56,1.0
56,1.0
56,1.0
56,10.0
57,0.0
57,0.0
57,0.0
57,0.0
57,0.0
57,0.0
57,0.0
57,0.0
57,0.0
57,0.0
57,0.0
57,0.0
57,0.0
57,0.0
57,1.0
57,1.0
57,1.0
57,3.0
57,3.0
58,0.0
58,0.0
58,0.0
58,0.0
58,0.0
58,0.0
58,0.0
58,0.0
58,0.0
58,0.0
58,0.0
58,1.0
58,1.0
58,1.0
58,1.0
58,1.0
58,1.0
58,1.0
58,3.0
59,0.0
59,0.0
59,0.0
59,0.0
59,0.0
59,0.0
59,0.0
59,0.0
59,0.0
59,0.0
59,0.0
59,0.0
59,0.0
59,0.0
59,0.0
59,0.0
59,1.0
59,1.0
59,1.0
59,1.0
60,0.0
60,0.0
60,0.0
60,0.0
60,0.0
60,0.0
60,0.0
60,0.0
60,0.0
60,1.0
60,1.0
60,1.0
60,1.0
60,1.0
60,3.0
61,0.0
61,0.0
61,0.0
61,0.0
61,0.0
61,0.0
61,0.0
61,0.0
61,0.0
61,1.0
61,1.0
61,3.0
62,0.0
62,0.0
62,0.0
62,0.0
62,0.0
62,0.0
62,0.0
62,0.0
62,0.0
62,0.0
62,0.0
62,1.0
62,1.0
62,1.0
62,1.0
62,3.0
62,3.0
62,3.0
62,4.0
63,0.0
63,0.0
63,0.0
63,0.0
63,0.0
63,0.0
63,0.0
63,0.0
63,0.0
63,0.0
63,0.0
63,0.0
63,0.0
63,0.0
63,1.0
63,3.0
63,4.0
64,0.0
64,0.0
64,0.0
64,0.0
64,0.0
64,0.0
64,0.0
64,0.0
64,0.0
64,0.0
64,0.0
64,0.0
64,0.0
64,1.0
64,1.0
64,1.0
64,3.0
64,4.0
65,0.0
65,0.0
65,0.0
65,0.0
65,0.0
65,0.0
65,0.0
65,0.0
65,0.0
65,0.0
65,0.0
65,0.0
65,0.0
65,0.0
65,1.0
65,1.0
65,1.0
65,1.0
65,1.0
65,3.0
65,4.0
66,0.0
66,0.0
66,0.0
66,0.0
66,0.0
66,0.0
66,0.0
66,0.0
66,0.0
66,0.0
66,0.0
66,0.0
66,0.0
66,0.0
66,0.0
66,0.0
66,0.0
66,0.0
66,0.0
66,1.0
66,1.0
66,1.0
66,1.0
66,1.0
66,1.0
66,1.0
66,1.0
66,1.0
66,1.0
66,1.0
67,0.0
67,0.0
67,0.0
67,0.0
67,0.0
67,0.0
67,0.0
67,0.0
67,0.0
67,0.0
67,0.0
67,1.0
67,1.0
67,1.0
67,1.0
67,1.0
67,1.0
67,2.0
67,2.0
67,2.0
67,2.0
67,5.0
68,0.0
68,0.0
68,0.0
68,0.0
68,0.0
68,0.0
68,0.0
68,0.0
68,0.0
68,0.0
68,0.0
68,0.0
68,0.0
68,0.0
68,0.0
68,0.0
68,0.0
68,0.0
68,0.0
68,1.0
68,1.0
69,0.0
69,0.0
69,0.0
69,0.0
69,0.0
69,0.0
69,0.0
69,0.0
69,0.0
69,0.0
69,0.0
69,0.0
69,0.0
69,0.0
69,0.0
69,0.0
69,1.0
69,1.0
69,1.0
69,1.0
69,1.0
69,4.0
70,0.0
70,0.0
70,0.0
70,0.0
70,0.0
70,0.0
70,0.0
70,0.0
70,0.0
70,0.0
70,0.0
70,1.0
70,1.0
70,1.0
70,1.0
70,1.0
70,1.0
70,1.0
70,2.0
70,5.0
71,0.0
71,0.0
71,0.0
71,0.0
71,0.0
71,0.0
71,0.0
71,0.0
71,0.0
71,0.0
71,0.0
71,0.0
71,1.0
71,2.0
72,0.0
72,0.0
72,0.0
72,0.0
72,0.0
72,0.0
72,0.0
72,0.0
72,0.0
72,0.0
72,1.0
72,1.0
72,1.0
72,1.0
72,1.0
73,0.0
73,0.0
73,0.0
73,0.0
73,0.0
73,0.0
73,0.0
73,0.0
73,1.0
73,1.0
73,1.0
73,2.0
73,2.0
73,4.0
74,0.0
74,0.0
74,0.0
74,0.0
74,0.0
74,0.0
74,0.0
74,0.0
74,0.0
74,1.0
74,1.0
74,1.0
74,1.0
74,1.0
74,5.0
75,0.0
75,0.0
75,0.0
75,0.0
75,0.0
75,0.0
75,0.0
75,0.0
75,0.0
75,0.0
75,0.0
75,0.0
75,0.0
75,0.0
75,0.0
75,1.0
75,1.0
75,1.0
75,1.0
75,1.0
75,2.0
75,2.0
75,4.0
75,4.0
76,0.0
76,0.0
76,0.0
76,0.0
76,0.0
76,0.0
76,0.0
76,0.0
76,0.0
76,0.0
76,0.0
76,0.0
76,0.0
76,1.0
76,1.0
76,1.0
76,1.0
76,2.0
76,2.0
77,0.0
77,0.0
77,0.0
77,0.0
77,0.0
77,0.0
77,0.0
77,0.0
77,0.0
77,0.0
77,0.0
77,0.0
77,0.0
77,0.0
77,1.0
77,1.0
77,1.0
77,1.0
77,1.0
77,3.0
77,3.0
78,0.0
78,0.0
78,0.0
78,0.0
78,0.0
78,0.0
78,0.0
78,0.0
78,0.0
78,0.0
78,0.0
78,0.0
78,0.0
78,0.0
78,0.0
78,0.0
78,0.0
78,0.0
78,0.0
78,0.0
78,1.0
78,1.0
78,1.0
78,1.0
78,3.0
78,8.0
79,0.0
79,0.0
79,0.0
79,0.0
79,0.0
79,1.0
79,1.0
79,1.0
79,1.0
79,1.0
79,1.0
79,2.0
79,2.0
80,0.0
80,0.0
80,0.0
80,0.0
80,0.0
80,0.0
80,0.0
80,0.0
80,0.0
80,0.0
80,0.0
80,0.0
80,1.0
80,1.0
80,1.0
80,1.0
80,1.0
80,1.0
80,1.0
80,2.0
80,2.0
80,3.0
81,0.0
81,0.0
81,0.0
81,0.0
81,0.0
81,0.0
81,0.0
81,0.0
81,0.0
81,0.0
81,0.0
81,1.0
81,1.0
81,1.0
81,1.0
82,0.0
82,0.0
82,0.0
82,0.0
82,0.0
82,0.0
82,0.0
82,0.0
82,0.0
82,0.0
82,0.0
82,0.0
82,0.0
82,0.0
82,0.0
82,1.0
82,1.0
82,1.0
82,1.0
82,1.0
82,1.0
83,0.0
83,0.0
83,0.0
83,0.0
83,0.0
83,0.0
83,0.0
83,0.0
83,0.0
83,0.0
83,0.0
83,0.0
83,0.0
83,0.0
83,1.0
83,1.0
83,1.0
83,1.0
83,1.0
83,1.0
83,2.0
83,2.0
83,2.0
83,2.0
83,2.0
83,3.0
84,0.0
84,0.0
84,0.0
84,0.0
84,0.0
84,0.0
84,0.0
84,0.0
84,0.0
84,0.0
84,0.0
84,0.0
84,0.0
84,1.0
84,1.0
84,1.0
84,1.0
84,1.0
85,0.0
85,0.0
85,0.0
85,0.0
85,0.0
85,0.0
85,0.0
85,0.0
85,0.0
85,0.0
85,0.0
85,0.0
85,0.0
85,0.0
85,0.0
85,0.0
85,1.0
85,1.0
85,1.0
85,1.0
85,2.0
85,2.0
86,0.0
86,0.0
86,0.0
86,0.0
86,0.0
86,0.0
86,0.0
86,0.0
86,0.0
86,0.0
86,0.0
86,1.0
86,1.0
86,1.0
86,3.0
87,0.0
87,0.0
87,0.0
87,0.0
87,0.0
87,0.0
87,0.0
87,0.0
87,0.0
87,0.0
87,0.0
87,0.0
87,0.0
87,0.0
87,1.0
87,1.0
87,1.0
87,1.0
87,1.0
87,1.0
87,1.0
87,2.0
87,3.0
87,4.0
88,0.0
88,0.0
88,0.0
88,0.0
88,0.0
88,0.0
88,0.0
88,0.0
88,0.0
88,0.0
88,0.0
88,0.0
88,0.0
88,0.0
88,0.0
88,1.0
88,1.0
88,1.0
88,2.0
89,0.0
89,0.0
89,0.0
89,0.0
89,0.0
89,0.0
89,0.0
89,0.0
89,0.0
89,0.0
89,0.0
89,0.0
89,0.0
89,0.0
89,1.0
89,1.0
89,1.0
89,2.0
89,2.0
89,3.0
90,0.0
90,0.0
90,0.0
90,0.0
90,0.0
90,0.0
90,0.0
90,0.0
90,1.0
90,1.0
90,1.0
90,1.0
90,1.0
90,1.0
90,3.0
91,0.0
91,0.0
91,0.0
91,0.0
91,0.0
91,0.0
91,0.0
91,0.0
91,0.0
91,0.0
91,0.0
91,0.0
91,1.0
91,1.0
91,1.0
91,1.0
91,1.0
91,3.0
92,0.0
92,0.0
92,0.0
92,0.0
92,0.0
92,0.0
92,0.0
92,1.0
92,1.0
92,1.0
92,1.0
92,1.0
92,1.0
92,1.0
92,1.0
92,2.0
92,2.0
92,2.0
92,9.0
93,0.0
93,0.0
93,0.0
93,0.0
93,0.0
93,0.0
93,0.0
93,0.0
93,0.0
93,0.0
93,0.0
93,0.0
93,0.0
93,0.0
93,0.0
93,1.0
93,1.0
93,2.0
94,0.0
94,0.0
94,0.0
94,0.0
94,0.0
94,0.0
94,0.0
94,0.0
94,0.0
94,0.0
94,1.0
94,1.0
94,1.0
94,1.0
94,2.0
94,2.0
94,2.0
94,2.0
94,2.0
94,2.0
95,0.0
95,0.0
95,0.0
95,0.0
95,0.0
95,0.0
95,0.0
95,0.0
95,0.0
95,0.0
95,0.0
95,0.0
95,0.0
95,0.0
95,1.0
95,1.0
95,1.0
95,1.0
95,1.0
95,2.0
95,3.0
95,3.0
95,4.0
95,4.0
96,0.0
96,0.0
96,0.0
96,0.0
96,0.0
96,0.0
96,0.0
96,0.0
96,0.0
96,1.0
96,1.0
96,1.0
96,1.0
96,1.0
96,1.0
96,1.0
96,1.0
96,1.0
96,1.0
96,2.0
97,0.0
97,0.0
97,0.0
97,0.0
97,0.0
97,0.0
97,0.0
97,0.0
97,0.0
97,0.0
97,0.0
97,1.0
97,1.0
97,1.0
97,2.0
97,3.0
97,3.0
97,3.0
97,3.0
97,4.0
98,0.0
98,0.0
98,0.0
98,0.0
98,0.0
98,0.0
98,0.0
98,0.0
98,1.0
98,1.0
98,1.0
98,1.0
98,1.0
98,2.0
98,3.0
98,3.0
99,0.0
99,0.0
99,0.0
99,0.0
99,0.0
99,0.0
99,0.0
99,0.0
99,0.0
99,0.0
99,0.0
99,0.0
99,1.0
99,1.0
99,1.0
99,1.0
99,4.0
99,4.0
99,6.0
100,0.0
100,0.0
100,0.0
100,0.0
100,0.0
100,0.0
100,1.0
100,1.0
100,1.0
100,1.0
100,1.0
100,1.0
100,1.0
100,2.0
100,4.0
101,0.0
101,0.0
101,0.0
101,0.0
101,0.0
101,0.0
101,0.0
101,0.0
101,0.0
101,0.0
101,0.0
101,0.0
101,0.0
101,0.0
101,0.0
101,0.0
101,0.0
101,0.0
101,0.0
101,0.0
101,0.0
101,1.0
101,1.0
101,1.0
101,1.0
101,7.0
102,0.0
102,0.0
102,0.0
102,0.0
102,0.0
102,0.0
102,0.0
102,0.0
102,0.0
102,0.0
102,0.0
102,0.0
102,0.0
102,0.0
102,0.0
102,1.0
102,1.0
102,1.0
102,1.0
102,2.0
102,2.0
102,5.0
103,0.0
103,0.0
103,0.0
103,0.0
103,0.0
103,0.0
103,0.0
103,0.0
103,0.0
103,0.0
103,0.0
103,0.0
103,0.0
103,0.0
103,0.0
104,0.0
104,0.0
104,0.0
104,0.0
104,0.0
104,0.0
104,0.0
104,0.0
104,0.0
104,0.0
104,0.0
104,0.0
104,0.0
104,1.0
105,0.0
105,0.0
105,0.0
105,0.0
105,0.0
105,0.0
105,0.0
105,0.0
105,0.0
105,0.0
105,0.0
105,0.0
105,0.0
105,0.0
105,0.0
105,0.0
105,0.0
105,0.0
105,0.0
105,0.0
105,2.0
106,0.0
106,0.0
106,0.0
106,0.0
106,0.0
106,0.0
106,0.0
106,0.0
106,0.0
106,0.0
106,0.0
106,0.0
106,0.0
106,0.0
106,0.0
106,0.0
106,0.0
106,1.0
106,2.0
106,2.0
107,0.0
107,0.0
107,0.0
107,0.0
107,0.0
107,0.0
107,0.0
107,0.0
107,0.0
107,0.0
107,0.0
107,0.0
107,0.0
107,0.0
107,0.0
107,0.0
107,0.0
107,1.0
107,1.0
107,1.0
107,1.0
107,2.0
108,0.0
108,0.0
108,0.0
108,0.0
108,0.0
108,0.0
108,0.0
108,0.0
108,0.0
108,0.0
108,0.0
108,0.0
108,2.0
108,2.0
108,3.0
108,8.0
109,0.0
109,0.0
109,0.0
109,0.0
109,0.0
109,0.0
109,0.0
109,0.0
109,0.0
109,0.0
109,0.0
109,0.0
109,0.0
109,0.0
109,1.0
109,1.0
109,2.0
110,0.0
110,0.0
110,0.0
110,0.0
110,0.0
110,0.0
110,0.0
110,0.0
110,0.0
110,0.0
110,0.0
110,0.0
110,0.0
110,2.0
110,6.0
111,0.0
111,0.0
111,0.0
111,0.0
111,0.0
111,0.0
111,0.0
111,0.0
111,0.0
111,0.0
111,0.0
111,0.0
111,0.0
111,0.0
111,0.0
111,0.0
111,0.0
111,0.0
111,0.0
111,0.0
111,1.0
111,1.0
111,1.0
111,2.0
111,2.0
112,0.0
112,0.0
112,0.0
112,0.0
112,0.0
112,0.0
112,0.0
112,0.0
112,1.0
112,1.0
112,2.0
112,2.0
112,3.0
113,0.0
113,0.0
113,0.0
113,0.0
113,0.0
113,0.0
113,0.0
113,0.0
113,0.0
113,0.0
113,0.0
113,0.0
113,0.0
113,0.0
113,0.0
113,0.0
113,1.0
113,1.0
113,1.0
113,1.0
113,1.0
113,2.0
114,0.0
114,0.0
114,0.0
114,0.0
114,0.0
114,0.0
114,0.0
114,0.0
114,0.0
114,0.0
114,0.0
114,0.0
114,1.0
114,1.0
114,1.0
114,1.0
114,1.0
115,0.0
115,0.0
115,0.0
115,0.0
115,0.0
115,0.0
115,0.0
115,0.0
115,0.0
115,0.0
115,0.0
115,0.0
115,0.0
115,0.0
115,0.0
115,0.0
115,0.0
115,0.0
115,0.0
115,0.0
115,2.0
115,3.0
116,0.0
116,0.0
116,0.0
116,0.0
116,0.0
116,0.0
116,0.0
116,0.0
116,0.0
116,0.0
116,0.0
116,0.0
116,0.0
116,1.0
116,2.0
116,2.0
116,4.0
117,0.0
117,0.0
117,0.0
117,0.0
117,0.0
117,0.0
117,0.0
117,0.0
117,0.0
117,0.0
117,0.0
117,0.0
117,0.0
117,0.0
117,0.0
117,8.0
118,0.0
118,0.0
118,0.0
118,0.0
118,0.0
118,0.0
118,0.0
118,0.0
118,0.0
118,0.0
118,0.0
118,1.0
118,2.0
118,2.0
118,3.0
119,0.0
119,0.0
119,0.0
119,0.0
119,0.0
119,0.0
119,0.0
119,0.0
119,0.0
119,0.0
119,0.0
119,0.0
119,0.0
119,0.0
119,0.0
119,2.0
120,0.0
120,0.0
120,0.0
120,0.0
120,0.0
120,0.0
120,0.0
120,0.0
120,0.0
120,1.0
120,1.0
120,1.0
120,2.0
120,3.0
120,3.0
120,5.0
121,0.0
121,0.0
121,0.0
121,0.0
121,0.0
121,0.0
121,0.0
121,0.0
121,0.0
121,1.0
121,1.0
121,2.0
121,3.0
121,4.0
122,0.0
122,0.0
122,0.0
122,0.0
122,0.0
122,0.0
122,0.0
122,0.0
122,0.0
122,0.0
122,0.0
122,0.0
122,0.0
122,0.0
122,0.0
122,0.0
122,10.0
122,2.0
122,2.0
123,0.0
123,0.0
123,0.0
123,0.0
123,0.0
123,0.0
123,0.0
123,0.0
123,0.0
123,0.0
123,0.0
123,0.0
123,0.0
123,1.0
123,1.0
123,1.0
123,1.0
123,2.0
124,0.0
124,0.0
124,0.0
124,0.0
124,0.0
124,0.0
124,0.0
124,0.0
124,0.0
124,0.0
124,0.0
124,0.0
124,0.0
124,1.0
124,1.0
124,4.0
125,0.0
125,0.0
125,0.0
125,0.0
125,0.0
125,0.0
125,0.0
125,0.0
125,0.0
125,0.0
125,0.0
125,0.0
125,0.0
125,0.0
125,1.0
125,1.0
125,1.0
125,1.0
125,3.0
126,0.0
126,0.0
126,0.0
126,0.0
126,0.0
126,0.0
126,0.0
126,1.0
126,2.0
126,2.0
126,6.0
127,0.0
127,0.0
127,0.0
127,0.0
127,0.0
127,0.0
127,0.0
127,4.0
128,0.0
128,0.0
128,0.0
128,0.0
128,0.0
128,0.0
128,0.0
128,0.0
128,0.0
128,0.0
128,0.0
128,1.0
128,1.0
128,11.0
128,2.0
128,3.0
128,4.0
128,6.0
129,0.0
129,0.0
129,0.0
129,0.0
129,0.0
129,0.0
129,0.0
129,0.0
129,1.0
129,2.0
129,4.0
130,0.0
130,0.0
130,0.0
130,0.0
130,0.0
130,0.0
130,0.0
130,0.0
130,0.0
130,0.0
130,0.0
130,0.0
130,1.0
130,2.0
130,2.0
130,2.0
130,7.0
131,0.0
131,0.0
131,0.0
131,0.0
131,0.0
131,0.0
131,0.0
131,0.0
131,0.0
131,0.0
131,0.0
131,0.0
131,0.0
131,0.0
131,1.0
131,1.0
131,1.0
131,2.0
131,3.0
131,3.0
132,0.0
132,0.0
132,0.0
132,0.0
132,0.0
132,0.0
132,0.0
132,0.0
132,0.0
132,0.0
132,0.0
132,1.0
132,2.0
132,2.0
132,2.0
133,0.0
133,0.0
133,0.0
133,0.0
133,0.0
133,0.0
133,0.0
133,0.0
133,0.0
133,0.0
133,0.0
133,0.0
133,0.0
133,0.0
133,0.0
133,0.0
133,0.0
133,1.0
133,1.0
133,1.0
133,1.0
133,1.0
133,3.0
134,0.0
134,0.0
134,0.0
134,0.0
134,0.0
134,0.0
134,0.0
134,0.0
134,0.0
134,0.0
134,0.0
134,0.0
134,0.0
134,0.0
134,1.0
134,3.0
135,0.0
135,0.0
135,0.0
135,0.0
135,0.0
135,0.0
135,0.0
135,0.0
135,0.0
135,0.0
135,0.0
135,0.0
135,0.0
135,0.0
135,0.0
135,1.0
135,1.0
135,2.0
136,0.0
136,0.0
136,0.0
136,0.0
136,0.0
136,0.0
136,0.0
136,0.0
136,0.0
136,0.0
136,0.0
136,0.0
136,0.0
136,1.0
136,2.0
136,2.0
136,2.0
137,0.0
137,0.0
137,0.0
137,0.0
137,0.0
137,0.0
137,0.0
137,0.0
137,0.0
137,0.0
137,0.0
137,0.0
137,1.0
137,13.0
137,2.0
137,2.0
138,0.0
138,0.0
138,0.0
138,0.0
138,0.0
138,0.0
138,0.0
138,0.0
138,0.0
138,0.0
138,1.0
138,1.0
138,2.0
138,2.0
139,0.0
139,0.0
139,0.0
139,0.0
139,0.0
139,0.0
139,0.0
139,0.0
139,1.0
139,1.0
139,1.0
139,2.0
139,2.0
139,2.0
139,4.0
140,0.0
140,0.0
140,0.0
140,0.0
140,1.0
140,1.0
140,2.0
140,2.0
140,2.0
140,3.0
141,0.0
141,0.0
141,0.0
141,0.0
141,0.0
141,0.0
141,0.0
141,0.0
141,0.0
141,0.0
141,0.0
141,1.0
141,1.0
141,1.0
141,19.0
141,2.0
141,4.0
141,7.0
142,0.0
142,0.0
142,0.0
142,0.0
142,0.0
142,0.0
142,0.0
142,1.0
142,2.0
142,8.0
143,0.0
143,0.0
143,0.0
143,0.0
143,0.0
143,0.0
143,0.0
143,0.0
143,0.0
143,1.0
144,0.0
144,0.0
144,0.0
144,0.0
144,0.0
145,0.0
145,0.0
145,0.0
145,0.0
145,0.0
145,0.0
145,0.0
145,0.0
145,0.0
145,0.0
145,0.0
145,0.0
145,0.0
145,0.0
145,0.0
145,1.0
145,1.0
145,1.0
145,2.0
145,2.0
145,2.0
145,4.0
146,0.0
146,0.0
146,0.0
146,0.0
146,0.0
146,0.0
146,0.0
146,0.0
146,0.0
146,0.0
146,1.0
146,2.0
147,0.0
147,0.0
147,0.0
147,0.0
147,0.0
147,0.0
147,0.0
147,0.0
147,0.0
147,0.0
147,0.0
147,0.0
147,0.0
147,0.0
147,0.0
147,0.0
147,1.0
147,1.0
147,1.0
147,12.0
147,2.0
147,2.0
147,3.0
147,4.0
147,6.0
148,0.0
148,0.0
148,0.0
148,0.0
148,0.0
148,0.0
148,0.0
148,0.0
148,0.0
148,0.0
148,0.0
148,0.0
148,0.0
148,0.0
148,1.0
148,2.0
149,0.0
149,0.0
149,0.0
149,0.0
149,0.0
149,0.0
149,0.0
149,0.0
149,0.0
149,0.0
149,1.0
149,1.0
149,1.0
149,1.0
149,2.0
149,2.0
149,2.0
149,2.0
149,2.0
149,2.0
150,0.0
150,0.0
150,0.0
150,0.0
150,0.0
150,0.0
150,0.0
150,1.0
150,1.0
150,1.0
150,4.0
151,0.0
151,0.0
151,0.0
151,0.0
151,0.0
151,0.0
151,0.0
151,0.0
151,0.0
151,0.0
151,0.0
151,0.0
151,0.0
151,0.0
151,0.0
151,1.0
151,1.0
151,1.0
151,1.0
152,0.0
152,0.0
152,0.0
152,0.0
152,0.0
152,0.0
152,0.0
152,0.0
152,0.0
152,0.0
152,0.0
152,1.0
152,1.0
152,4.0
153,0.0
153,0.0
153,0.0
153,0.0
153,0.0
153,0.0
153,1.0
153,1.0
153,1.0
153,1.0
153,3.0
154,0.0
154,0.0
154,0.0
154,0.0
154,0.0
154,0.0
154,0.0
154,0.0
154,1.0
154,1.0
154,1.0
155,0.0
155,0.0
155,0.0
155,0.0
155,0.0
155,0.0
155,0.0
155,1.0
155,1.0
155,1.0
155,1.0
155,12.0
156,0.0
156,0.0
156,0.0
156,0.0
156,0.0
156,0.0
156,1.0
156,1.0
156,1.0
156,1.0
156,4.0
157,0.0
157,0.0
157,0.0
157,0.0
157,1.0
157,1.0
157,1.0
157,3.0
158,0.0
158,0.0
158,0.0
158,0.0
158,0.0
158,0.0
158,0.0
158,0.0
158,0.0
158,0.0
158,0.0
158,0.0
158,0.0
158,0.0
158,1.0
158,1.0
158,1.0
158,1.0
159,0.0
159,0.0
159,0.0
159,0.0
159,0.0
159,0.0
159,0.0
159,0.0
159,0.0
159,0.0
159,0.0
159,0.0
159,0.0
159,0.0
159,0.0
159,1.0
159,1.0
159,3.0
159,5.0
159,5.0
160,0.0
160,0.0
160,0.0
160,0.0
160,0.0
160,0.0
160,0.0
160,0.0
160,0.0
160,0.0
160,0.0
160,0.0
160,1.0
160,1.0
160,1.0
160,5.0
161,0.0
161,0.0
161,0.0
161,0.0
161,0.0
161,0.0
161,0.0
161,0.0
161,0.0
161,1.0
161,1.0
161,1.0
161,1.0
161,6.0
162,0.0
162,0.0
162,0.0
162,0.0
162,0.0
162,0.0
162,0.0
162,0.0
162,0.0
162,0.0
162,1.0
162,1.0
163,0.0
163,0.0
163,0.0
163,0.0
163,0.0
163,0.0
163,0.0
163,0.0
163,0.0
163,0.0
163,0.0
163,0.0
163,1.0
163,1.0
163,1.0
163,1.0
163,1.0
163,1.0
163,6.0
164,0.0
164,0.0
164,0.0
164,0.0
164,0.0
164,0.0
164,0.0
164,0.0
164,1.0
164,1.0
164,1.0
164,1.0
164,4.0
164,6.0
164,7.0
165,0.0
165,0.0
165,0.0
165,0.0
165,0.0
165,0.0
165,0.0
165,0.0
165,0.0
165,1.0
165,1.0
166,0.0
166,0.0
166,0.0
166,0.0
166,0.0
166,0.0
166,0.0
166,0.0
166,1.0
166,2.0
166,2.0
167,0.0
167,0.0
167,0.0
167,0.0
167,0.0
167,0.0
167,0.0
167,1.0
167,10.0
167,2.0
168,0.0
168,0.0
168,0.0
168,0.0
168,0.0
168,0.0
168,0.0
168,1.0
168,1.0
168,1.0
168,1.0
168,1.0
168,2.0
168,7.0
169,0.0
169,0.0
169,0.0
169,0.0
169,0.0
169,1.0
169,1.0
169,1.0
169,11.0
169,2.0
170,0.0
170,0.0
170,0.0
170,0.0
170,0.0
170,0.0
170,0.0
170,0.0
170,1.0
170,1.0
170,1.0
170,2.0
171,0.0
171,0.0
171,0.0
171,0.0
171,0.0
171,0.0
171,0.0
171,0.0
171,0.0
171,0.0
171,1.0
171,1.0
171,3.0
172,0.0
172,0.0
172,0.0
172,0.0
172,0.0
172,0.0
172,0.0
172,0.0
172,0.0
172,0.0
172,0.0
172,0.0
172,1.0
172,1.0
172,1.0
172,2.0
172,4.0
173,0.0
173,0.0
173,0.0
173,0.0
173,0.0
173,0.0
173,0.0
173,0.0
173,0.0
173,0.0
173,0.0
173,0.0
173,0.0
173,1.0
173,1.0
173,1.0
173,1.0
173,1.0
173,1.0
173,1.0
173,15.0
173,2.0
174,0.0
174,0.0
174,0.0
174,0.0
174,0.0
174,1.0
174,3.0
175,0.0
175,0.0
175,0.0
175,0.0
175,0.0
175,0.0
175,1.0
175,1.0
175,1.0
175,8.0
176,0.0
176,0.0
176,0.0
176,0.0
176,0.0
176,0.0
177,0.0
177,0.0
177,0.0
177,0.0
177,0.0
177,1.0
177,1.0
177,1.0
177,1.0
177,1.0
177,1.0
178,0.0
178,0.0
178,0.0
178,0.0
178,0.0
178,0.0
178,2.0
178,2.0
178,2.0
178,6.0
179,0.0
179,0.0
179,0.0
179,0.0
179,0.0
179,0.0
179,1.0
180,0.0
180,0.0
180,0.0
180,0.0
180,0.0
180,0.0
180,0.0
180,0.0
180,0.0
180,0.0
180,1.0
180,1.0
180,1.0
180,2.0
180,2.0
180,3.0
181,0.0
181,0.0
181,0.0
181,0.0
181,0.0
181,0.0
181,1.0
181,2.0
181,2.0
182,0.0
182,0.0
182,0.0
182,0.0
182,0.0
182,0.0
182,0.0
182,0.0
182,1.0
182,1.0
182,1.0
182,3.0
183,0.0
183,0.0
183,0.0
183,0.0
183,0.0
183,0.0
183,0.0
183,0.0
183,0.0
183,0.0
183,0.0
183,0.0
183,1.0
183,1.0
183,1.0
183,3.0
183,8.0
184,0.0
184,0.0
184,0.0
184,0.0
184,0.0
184,0.0
184,0.0
184,0.0
184,0.0
184,0.0
184,0.0
184,0.0
184,0.0
184,0.0
184,0.0
184,1.0
184,1.0
184,1.0
185,0.0
185,0.0
185,0.0
185,0.0
185,0.0
185,0.0
185,0.0
185,0.0
185,1.0
185,1.0
185,1.0
185,1.0
185,1.0
186,0.0
186,0.0
186,0.0
186,0.0
186,0.0
186,0.0
186,0.0
186,0.0
186,1.0
186,1.0
186,1.0
186,1.0
187,0.0
187,0.0
187,0.0
187,0.0
187,0.0
187,0.0
187,0.0
187,1.0
187,1.0
187,2.0
187,2.0
187,2.0
187,3.0
188,0.0
188,0.0
188,0.0
188,0.0
188,0.0
188,0.0
188,1.0
188,1.0
188,1.0
188,10.0
188,2.0
188,2.0
188,2.0
188,7.0
189,0.0
189,0.0
189,0.0
189,0.0
189,0.0
189,0.0
189,1.0
189,1.0
189,1.0
189,1.0
189,6.0
189,8.0
190,0.0
190,0.0
190,0.0
190,0.0
190,0.0
190,0.0
190,0.0
190,0.0
190,0.0
190,0.0
190,1.0
191,0.0
191,0.0
191,0.0
191,0.0
191,0.0
191,0.0
191,1.0
191,1.0
191,1.0
191,1.0
191,1.0
191,2.0
191,4.0
192,0.0
192,0.0
192,0.0
192,0.0
192,0.0
192,0.0
192,0.0
192,0.0
192,0.0
192,1.0
192,1.0
192,6.0
192,8.0
193,0.0
193,0.0
193,0.0
193,0.0
193,0.0
193,0.0
193,0.0
193,1.0
193,1.0
193,3.0
193,6.0
194,0.0
194,0.0
194,0.0
194,0.0
194,0.0
194,0.0
194,0.0
194,0.0
194,0.0
194,1.0
194,1.0
194,1.0
194,1.0
194,1.0
194,1.0
194,1.0
194,11.0
195,0.0
195,0.0
195,0.0
195,0.0
195,1.0
195,1.0
195,1.0
195,2.0
195,2.0
195,4.0
195,7.0
196,0.0
196,0.0
196,0.0
196,0.0
196,0.0
196,0.0
196,0.0
196,0.0
196,0.0
196,1.0
196,1.0
196,1.0
196,1.0
196,1.0
196,2.0
196,2.0
197,0.0
197,0.0
197,0.0
197,0.0
197,0.0
197,0.0
197,0.0
197,0.0
197,0.0
197,1.0
197,1.0
197,1.0
197,1.0
198,0.0
198,0.0
198,0.0
198,0.0
198,0.0
198,0.0
198,0.0
198,0.0
198,1.0
198,1.0
198,1.0
198,3.0
198,8.0
199,0.0
199,0.0
199,0.0
199,0.0
199,0.0
199,0.0
199,0.0
199,1.0
199,1.0
199,2.0
199,2.0
199,3.0
199,5.0
199,8.0
200,0.0
200,0.0
200,0.0
200,0.0
200,0.0
200,1.0
200,1.0
200,2.0
200,4.0
201,0.0
201,0.0
201,0.0
201,0.0
201,0.0
201,1.0
201,7.0
202,0.0
202,0.0
202,0.0
202,0.0
202,0.0
202,0.0
202,0.0
202,0.0
202,0.0
202,2.0
203,0.0
203,0.0
203,0.0
203,0.0
203,0.0
203,0.0
203,0.0
203,5.0
204,0.0
204,0.0
204,0.0
204,0.0
204,0.0
204,0.0
204,0.0
204,0.0
204,1.0
204,2.0
204,3.0
205,0.0
205,0.0
205,0.0
205,0.0
205,0.0
205,0.0
205,0.0
205,0.0
205,0.0
205,0.0
205,3.0
205,7.0
206,0.0
206,0.0
206,0.0
206,0.0
206,0.0
206,0.0
206,0.0
206,0.0
206,0.0
206,0.0
207,0.0
207,0.0
207,0.0
207,0.0
207,0.0
207,0.0
207,0.0
207,0.0
207,0.0
207,0.0
207,0.0
207,1.0
207,2.0
207,2.0
207,3.0
208,0.0
208,0.0
208,0.0
208,0.0
208,0.0
208,0.0
208,0.0
208,0.0
208,0.0
208,0.0
208,0.0
208,1.0
208,7.0
209,0.0
209,0.0
209,0.0
209,0.0
209,0.0
209,1.0
210,0.0
210,0.0
210,0.0
210,0.0
210,0.0
210,0.0
210,0.0
210,0.0
210,0.0
210,1.0
210,10.0
210,3.0
210,8.0
211,0.0
211,0.0
211,0.0
211,0.0
211,0.0
211,0.0
211,0.0
211,0.0
211,1.0
211,1.0
211,3.0
211,8.0
211,8.0
212,0.0
212,0.0
212,0.0
212,0.0
212,2.0
212,6.0
213,0.0
213,0.0
213,0.0
213,0.0
213,0.0
213,4.0
213,9.0
214,0.0
214,0.0
214,0.0
214,0.0
215,0.0
215,0.0
215,0.0
215,0.0
215,0.0
215,0.0
215,1.0
215,13.0
215,3.0
215,5.0
216,0.0
216,0.0
216,0.0
216,0.0
216,0.0
216,0.0
216,0.0
216,0.0
216,6.0
217,0.0
217,0.0
217,0.0
217,0.0
217,0.0
217,0.0
217,0.0
217,0.0
217,0.0
217,0.0
217,0.0
217,1.0
217,2.0
217,6.0
218,0.0
218,0.0
218,0.0
218,0.0
218,0.0
218,0.0
218,0.0
219,0.0
219,0.0
219,0.0
219,0.0
219,0.0
219,0.0
219,0.0
219,0.0
219,0.0
219,0.0
219,0.0
219,0.0
219,0.0
219,1.0
220,0.0
220,0.0
220,0.0
220,0.0
220,0.0
220,0.0
220,0.0
220,0.0
220,0.0
220,0.0
220,0.0
220,1.0
220,1.0
220,3.0
220,6.0
221,0.0
221,0.0
221,0.0
221,0.0
221,0.0
221,0.0
221,0.0
221,0.0
221,0.0
221,1.0
221,7.0
222,0.0
222,0.0
222,0.0
222,0.0
222,0.0
222,0.0
222,0.0
222,0.0
222,0.0
222,0.0
222,1.0
222,2.0
222,4.0
223,0.0
223,0.0
223,0.0
223,0.0
223,0.0
223,0.0
223,0.0
223,0.0
223,0.0
223,16.0
223,2.0
223,4.0
224,0.0
224,0.0
224,0.0
224,0.0
224,0.0
224,0.0
224,0.0
225,0.0
225,0.0
225,0.0
225,0.0
225,0.0
225,0.0
225,1.0
225,2.0
226,0.0
226,0.0
226,0.0
226,0.0
226,0.0
226,0.0
226,3.0
226,5.0
226,7.0
227,0.0
227,0.0
227,0.0
227,1.0
227,1.0
228,0.0
228,0.0
228,0.0
228,0.0
228,0.0
228,0.0
228,0.0
228,5.0
229,0.0
229,0.0
229,0.0
229,0.0
229,0.0
229,0.0
229,0.0
229,0.0
229,0.0
229,0.0
230,0.0
230,0.0
230,0.0
230,0.0
230,0.0
230,0.0
230,0.0
230,0.0
230,0.0
230,0.0
230,1.0
230,10.0
230,2.0
230,4.0
231,0.0
231,0.0
231,0.0
231,0.0
231,0.0
231,0.0
231,0.0
231,0.0
231,1.0
232,0.0
232,0.0
232,0.0
232,0.0
232,0.0
232,0.0
232,0.0
232,0.0
232,0.0
232,0.0
232,0.0
232,0.0
232,0.0
232,0.0
232,0.0
232,1.0
232,1.0
232,17.0
232,23.0
232,4.0
232,7.0
233,0.0
233,0.0
233,1.0
233,1.0
233,1.0
233,8.0
234,0.0
234,0.0
234,0.0
234,0.0
234,0.0
234,2.0
235,0.0
235,0.0
235,0.0
235,0.0
235,0.0
235,0.0
235,0.0
236,0.0
236,0.0
236,0.0
236,0.0
236,0.0
236,0.0
236,1.0
236,1.0
236,1.0
236,1.0
236,3.0
237,0.0
237,0.0
237,0.0
237,0.0
237,0.0
237,1.0
237,1.0
237,2.0
237,2.0
237,8.0
238,0.0
238,0.0
238,0.0
238,0.0
238,0.0
238,0.0
238,0.0
238,0.0
238,0.0
238,1.0
238,1.0
238,10.0
238,2.0
238,5.0
239,0.0
239,0.0
239,0.0
239,0.0
239,0.0
239,0.0
239,0.0
239,0.0
239,0.0
239,0.0
239,0.0
239,0.0
239,0.0
239,0.0
239,0.0
239,1.0
239,2.0
240,0.0
240,0.0
240,0.0
240,0.0
240,0.0
240,3.0
241,0.0
241,0.0
241,0.0
241,0.0
241,0.0
241,0.0
241,0.0
241,0.0
241,0.0
241,0.0
241,0.0
241,1.0
241,1.0
241,1.0
241,1.0
241,1.0
242,0.0
242,0.0
242,0.0
242,0.0
242,0.0
242,0.0
242,1.0
243,0.0
243,0.0
243,0.0
243,0.0
243,1.0
243,1.0
243,2.0
243,3.0
243,5.0
244,0.0
244,0.0
244,0.0
244,0.0
244,0.0
244,0.0
244,2.0
244,8.0
245,0.0
245,0.0
245,0.0
245,0.0
245,0.0
245,0.0
245,0.0
245,0.0
245,0.0
245,0.0
245,0.0
245,1.0
245,2.0
246,0.0
246,0.0
246,0.0
246,0.0
246,1.0
247,0.0
247,0.0
247,0.0
247,0.0
247,0.0
247,0.0
247,0.0
247,0.0
247,1.0
247,2.0
247,6.0
248,0.0
248,0.0
248,0.0
248,0.0
248,0.0
248,0.0
248,0.0
248,0.0
248,0.0
248,0.0
248,0.0
248,1.0
248,1.0
248,4.0
249,0.0
249,0.0
249,0.0
249,0.0
249,0.0
249,0.0
249,10.0
249,2.0
249,2.0
249,7.0
250,0.0
250,0.0
250,0.0
250,0.0
250,0.0
250,0.0
250,0.0
250,0.0
250,0.0
250,0.0
250,2.0
251,0.0
251,0.0
251,0.0
251,0.0
251,0.0
251,0.0
251,0.0
251,0.0
251,0.0
251,0.0
251,0.0
251,0.0
251,1.0
251,1.0
251,1.0
251,6.0
252,0.0
252,0.0
252,0.0
252,0.0
252,0.0
252,0.0
252,0.0
252,0.0
252,0.0
252,0.0
252,1.0
252,2.0
253,0.0
253,0.0
253,0.0
253,0.0
253,0.0
253,0.0
253,0.0
253,1.0
253,1.0
254,0.0
254,0.0
254,1.0
254,1.0
254,1.0
254,6.0
254,7.0
255,0.0
255,0.0
255,0.0
255,0.0
255,0.0
255,0.0
255,0.0
255,1.0
255,1.0
255,2.0
255,3.0
256,0.0
256,0.0
256,0.0
256,0.0
256,0.0
257,0.0
257,0.0
257,0.0
257,0.0
257,0.0
257,0.0
257,1.0
257,1.0
257,1.0
257,1.0
257,5.0
258,0.0
258,0.0
258,0.0
258,0.0
258,0.0
258,0.0
258,0.0
258,0.0
258,0.0
258,0.0
258,0.0
258,0.0
258,0.0
258,0.0
258,0.0
258,1.0
258,1.0
259,0.0
259,0.0
259,0.0
259,0.0
259,0.0
259,0.0
259,0.0
259,1.0
259,3.0
259,9.0
260,0.0
260,0.0
260,6.0
260,6.0
260,6.0
261,0.0
261,0.0
261,0.0
261,0.0
261,0.0
261,3.0
261,8.0
262,0.0
262,0.0
262,0.0
262,0.0
262,0.0
262,1.0
262,1.0
262,2.0
262,9.0
263,0.0
263,0.0
263,0.0
263,0.0
263,0.0
263,0.0
263,1.0
263,1.0
263,12.0
263,4.0
264,0.0
264,0.0
264,0.0
264,0.0
264,2.0
264,6.0
265,0.0
265,0.0
265,0.0
265,0.0
265,0.0
265,1.0
265,1.0
265,1.0
265,1.0
265,20.0
265,5.0
266,0.0
266,0.0
266,0.0
266,0.0
266,0.0
266,1.0
266,1.0
266,1.0
266,16.0
267,0.0
267,0.0
267,0.0
267,0.0
267,0.0
267,0.0
267,0.0
267,1.0
267,1.0
267,2.0
267,5.0
267,6.0
268,0.0
268,0.0
268,0.0
268,0.0
268,0.0
268,1.0
268,1.0
268,10.0
268,4.0
269,0.0
269,0.0
269,0.0
269,0.0
269,0.0
269,11.0
269,12.0
269,7.0
270,0.0
270,0.0
270,0.0
270,0.0
270,1.0
270,1.0
270,12.0
270,13.0
270,8.0
270,8.0
271,0.0
271,0.0
271,0.0
271,0.0
271,0.0
271,0.0
271,0.0
271,1.0
271,1.0
271,3.0
272,0.0
272,0.0
272,0.0
272,0.0
272,0.0
272,0.0
272,0.0
272,1.0
272,1.0
272,6.0
272,6.0
273,0.0
273,0.0
273,0.0
273,1.0
273,1.0
273,1.0
273,10.0
273,5.0
273,9.0
274,0.0
274,0.0
274,0.0
274,0.0
274,0.0
274,0.0
274,0.0
274,1.0
274,10.0
274,2.0
274,3.0
274,6.0
275,0.0
275,0.0
275,0.0
275,11.0
275,8.0
276,0.0
276,0.0
276,0.0
276,0.0
276,0.0
276,0.0
276,0.0
276,0.0
276,0.0
276,0.0
276,0.0
276,1.0
276,1.0
276,2.0
276,5.0
277,0.0
277,0.0
277,0.0
277,0.0
277,0.0
277,0.0
277,0.0
277,0.0
277,1.0
277,1.0
277,2.0
277,5.0
278,0.0
278,0.0
278,0.0
278,0.0
278,0.0
278,0.0
278,0.0
278,0.0
278,0.0
279,0.0
279,0.0
279,1.0
279,1.0
279,6.0
280,0.0
280,0.0
280,0.0
280,1.0
280,5.0
281,0.0
281,0.0
281,0.0
281,0.0
281,0.0
281,0.0
281,0.0
281,1.0
281,2.0
282,0.0
282,0.0
282,0.0
282,0.0
282,0.0
282,1.0
282,1.0
282,2.0
282,2.0
283,0.0
283,2.0
283,3.0
283,5.0
284,0.0
284,0.0
284,0.0
284,0.0
284,0.0
284,1.0
284,1.0
284,1.0
284,5.0
285,0.0
285,0.0
285,0.0
285,0.0
285,0.0
285,15.0
285,2.0
286,0.0
286,0.0
286,0.0
286,1.0
286,1.0
286,1.0
286,16.0
286,4.0
287,0.0
287,0.0
287,0.0
287,0.0
287,0.0
287,0.0
287,0.0
287,0.0
287,0.0
287,0.0
287,1.0
287,1.0
287,1.0
288,0.0
288,0.0
288,0.0
288,0.0
288,0.0
288,0.0
288,1.0
288,1.0
288,2.0
288,5.0
288,9.0
289,0.0
289,0.0
289,0.0
289,0.0
289,0.0
289,3.0
289,4.0
290,0.0
290,0.0
290,0.0
290,0.0
290,0.0
290,0.0
290,1.0
290,3.0
290,7.0
290,9.0
291,0.0
291,0.0
291,0.0
291,0.0
291,0.0
291,0.0
291,0.0
291,1.0
291,1.0
291,2.0
291,3.0
292,0.0
292,0.0
292,0.0
292,1.0
292,10.0
292,5.0
292,7.0
292,8.0
293,0.0
293,0.0
293,0.0
293,0.0
293,1.0
293,1.0
293,1.0
293,1.0
293,4.0
294,0.0
294,0.0
294,0.0
294,0.0
294,0.0
294,0.0
294,0.0
294,0.0
294,0.0
294,1.0
294,1.0
295,0.0
295,0.0
295,0.0
295,0.0
296,0.0
296,0.0
296,0.0
296,0.0
296,0.0
296,0.0
296,0.0
296,0.0
296,0.0
296,5.0
297,0.0
297,0.0
297,0.0
297,0.0
297,0.0
297,0.0
297,0.0
297,0.0
297,0.0
297,1.0
297,1.0
297,1.0
298,0.0
298,0.0
298,0.0
298,0.0
298,0.0
298,0.0
298,0.0
298,1.0
298,1.0
298,3.0
298,4.0
299,0.0
299,0.0
300,0.0
300,0.0
300,0.0
300,0.0
300,1.0
300,2.0
301,0.0
301,0.0
301,0.0
301,0.0
301,0.0
301,0.0
301,0.0
301,0.0
301,1.0
301,1.0
302,0.0
302,1.0
302,1.0
302,2.0
302,2.0
303,0.0
303,0.0
303,7.0
304,0.0
304,0.0
304,0.0
304,0.0
304,0.0
304,0.0
304,0.0
304,0.0
305,0.0
305,0.0
305,0.0
305,0.0
305,0.0
306,0.0
306,0.0
306,0.0
306,0.0
307,0.0
307,0.0
307,0.0
307,0.0
307,0.0
307,1.0
307,11.0
308,0.0
308,0.0
308,0.0
308,0.0
308,0.0
308,0.0
308,5.0
309,0.0
309,0.0
309,0.0
309,0.0
309,0.0
309,0.0
309,0.0
309,1.0
310,0.0
310,0.0
310,0.0
310,0.0
310,0.0
310,1.0
310,2.0
311,0.0
311,0.0
311,0.0
311,0.0
311,0.0
311,0.0
311,0.0
311,0.0
311,0.0
311,1.0
312,0.0
312,0.0
312,0.0
312,0.0
312,0.0
312,1.0
312,8.0
313,0.0
313,0.0
313,0.0
313,0.0
313,6.0
314,0.0
314,0.0
314,0.0
314,0.0
314,0.0
314,6.0
315,0.0
315,0.0
315,0.0
315,0.0
315,0.0
315,0.0
315,0.0
315,0.0
315,0.0
315,0.0
315,9.0
316,0.0
316,0.0
316,0.0
316,0.0
317,0.0
317,0.0
318,0.0
318,0.0
318,0.0
318,0.0
318,4.0
319,0.0
320,0.0
320,0.0
320,0.0
320,0.0
320,0.0
320,0.0
320,0.0
321,0.0
321,0.0
321,0.0
321,0.0
321,0.0
321,0.0
321,0.0
321,0.0
321,2.0
321,8.0
322,0.0
322,0.0
322,0.0
322,0.0
322,0.0
322,0.0
322,0.0
322,0.0
322,0.0
322,0.0
322,1.0
322,1.0
322,2.0
323,0.0
323,0.0
323,0.0
323,0.0
323,1.0
323,2.0
323,4.0
324,0.0
324,0.0
324,0.0
324,0.0
324,0.0
324,0.0
324,0.0
324,0.0
324,1.0
325,0.0
325,0.0
325,0.0
325,0.0
325,0.0
325,0.0
325,0.0
325,0.0
325,11.0
325,8.0
326,0.0
326,0.0
326,0.0
326,0.0
326,0.0
326,0.0
326,1.0
326,1.0
326,1.0
326,11.0
326,2.0
327,0.0
327,1.0
327,1.0
328,0.0
328,0.0
328,0.0
328,0.0
328,1.0
328,2.0
328,2.0
329,0.0
329,0.0
329,0.0
329,0.0
329,1.0
329,3.0
329,6.0
330,0.0
330,0.0
330,0.0
330,0.0
330,0.0
330,1.0
330,1.0
330,11.0
330,2.0
330,6.0
331,0.0
331,1.0
331,3.0
332,0.0
332,0.0
332,0.0
332,0.0
332,0.0
332,0.0
332,1.0
332,11.0
333,0.0
333,0.0
333,0.0
333,0.0
333,0.0
333,1.0
333,10.0
333,3.0
333,6.0
334,0.0
334,0.0
334,0.0
334,1.0
334,7.0
335,0.0
335,0.0
335,0.0
335,0.0
335,1.0
335,4.0
335,8.0
336,0.0
336,0.0
336,0.0
336,0.0
336,0.0
336,0.0
336,0.0
336,1.0
336,10.0
336,2.0
337,0.0
337,0.0
337,0.0
338,0.0
339,0.0
339,0.0
339,0.0
339,0.0
339,0.0
339,0.0
339,7.0
340,0.0
340,0.0
340,0.0
340,0.0
340,0.0
340,0.0
340,0.0
340,3.0
340,4.0
340,7.0
340,8.0
341,0.0
341,0.0
341,0.0
341,0.0
341,0.0
341,9.0
342,0.0
342,0.0
342,0.0
342,0.0
342,0.0
342,0.0
342,0.0
342,1.0
342,5.0
342,8.0
343,0.0
343,0.0
343,1.0
343,1.0
344,0.0
344,0.0
344,0.0
344,0.0
344,0.0
344,6.0
345,0.0
345,0.0
345,0.0
345,0.0
345,1.0
346,0.0
346,0.0
346,2.0
346,6.0
346,8.0
347,0.0
347,0.0
347,0.0
347,0.0
347,0.0
347,0.0
347,1.0
347,1.0
347,15.0
348,0.0
348,0.0
348,0.0
348,0.0
348,0.0
348,1.0
348,1.0
349,0.0
349,0.0
349,0.0
349,1.0
349,1.0
349,6.0
350,0.0
350,0.0
350,0.0
350,0.0
350,1.0
350,1.0
351,0.0
351,0.0
351,0.0
351,0.0
351,13.0
351,7.0
352,0.0
352,0.0
352,0.0
352,1.0
352,1.0
352,12.0
352,5.0
352,9.0
353,0.0
353,0.0
353,0.0
353,0.0
353,0.0
353,0.0
354,0.0
354,0.0
354,0.0
354,0.0
354,0.0
354,0.0
354,0.0
354,1.0
354,3.0
355,0.0
355,0.0
355,0.0
355,1.0
355,8.0
356,0.0
356,0.0
356,2.0
357,0.0
357,0.0
357,0.0
357,0.0
357,1.0
357,2.0
357,3.0
358,0.0
358,0.0
358,0.0
358,3.0
358,4.0
359,0.0
359,0.0
359,0.0
359,10.0
360,0.0
360,0.0
360,0.0
360,0.0
360,0.0
360,0.0
360,0.0
360,1.0
360,1.0
360,4.0
360,6.0
361,0.0
361,0.0
361,0.0
361,3.0
362,0.0
362,0.0
362,0.0
362,2.0
363,6.0
363,8.0
364,0.0
364,0.0
364,0.0
364,0.0
364,0.0
364,0.0
364,0.0
364,1.0
365,0.0
365,3.0
366,0.0
366,0.0
366,0.0
366,0.0
366,1.0
366,8.0
367,0.0
367,0.0
367,0.0
367,0.0
367,0.0
367,0.0
367,0.0
367,0.0
367,9.0
368,0.0
368,0.0
368,0.0
368,0.0
368,9.0
369,0.0
369,0.0
369,0.0
369,0.0
369,0.0
369,0.0
369,0.0
369,0.0
369,1.0
370,0.0
370,0.0
370,0.0
370,1.0
370,1.0
370,15.0
370,5.0
371,0.0
371,0.0
371,0.0
371,0.0
371,0.0
371,0.0
371,1.0
372,0.0
372,0.0
372,0.0
372,0.0
372,0.0
372,0.0
373,0.0
373,0.0
373,0.0
373,0.0
373,0.0
373,0.0
373,3.0
373,7.0
374,0.0
374,0.0
374,0.0
374,0.0
374,0.0
374,1.0
374,6.0
374,6.0
375,0.0
375,0.0
375,0.0
375,0.0
375,0.0
375,0.0
375,1.0
375,1.0
375,5.0
375,8.0
376,0.0
376,0.0
376,0.0
376,0.0
376,0.0
376,0.0
376,0.0
376,0.0
376,1.0
377,0.0
377,0.0
377,0.0
377,0.0
377,0.0
378,0.0
378,0.0
378,0.0
378,0.0
378,0.0
378,7.0
379,0.0
379,0.0
379,0.0
380,0.0
380,0.0
380,0.0
380,1.0
380,1.0
380,11.0
380,11.0
380,3.0
380,4.0
381,0.0
381,0.0
381,0.0
381,0.0
381,0.0
381,0.0
381,1.0
381,6.0
382,0.0
382,0.0
382,0.0
382,0.0
382,8.0
382,9.0
383,0.0
383,0.0
383,0.0
383,0.0
383,0.0
383,0.0
383,0.0
383,0.0
383,0.0
383,1.0
383,5.0
384,0.0
384,0.0
384,0.0
384,0.0
384,0.0
384,1.0
384,7.0
385,0.0
385,0.0
385,0.0
385,0.0
385,1.0
385,1.0
385,2.0
385,7.0
386,0.0
386,0.0
386,0.0
386,0.0
386,4.0
387,0.0
387,0.0
387,0.0
387,0.0
387,2.0
387,6.0
388,0.0
388,0.0
388,1.0
388,10.0
389,0.0
389,0.0
389,0.0
389,0.0
389,10.0
389,10.0
390,0.0
390,0.0
390,0.0
390,0.0
390,0.0
390,0.0
391,0.0
391,0.0
391,0.0
391,0.0
391,0.0
391,0.0
391,0.0
392,0.0
392,0.0
392,0.0
392,1.0
392,13.0
392,2.0
392,3.0
392,6.0
393,0.0
393,0.0
393,0.0
393,0.0
393,0.0
393,1.0
394,0.0
394,0.0
394,0.0
394,5.0
395,0.0
395,0.0
395,0.0
395,0.0
395,0.0
395,0.0
395,1.0
395,1.0
396,0.0
396,0.0
396,0.0
396,1.0
396,1.0
396,1.0
397,0.0
397,0.0
397,0.0
397,0.0
397,9.0
398,0.0
398,0.0
398,0.0
399,0.0
399,0.0
399,0.0
400,0.0
400,0.0
400,14.0
400,5.0
400,6.0
400,6.0
401,0.0
401,0.0
401,0.0
401,1.0
401,6.0
402,0.0
402,0.0
402,0.0
402,0.0
402,0.0
402,0.0
402,0.0
402,1.0
402,6.0
402,7.0
403,0.0
403,0.0
403,0.0
403,0.0
403,1.0
403,7.0
403,7.0
403,7.0
404,0.0
404,0.0
404,0.0
404,1.0
404,3.0
404,5.0
405,0.0
405,0.0
405,0.0
405,0.0
405,0.0
405,0.0
405,1.0
405,5.0
405,7.0
406,0.0
406,0.0
406,0.0
406,1.0
406,2.0
407,0.0
407,0.0
407,0.0
407,5.0
407,6.0
407,6.0
408,0.0
408,0.0
408,0.0
408,0.0
408,1.0
408,2.0
409,0.0
409,0.0
409,0.0
409,0.0
409,1.0
410,0.0
410,0.0
410,0.0
410,1.0
410,1.0
410,5.0
411,0.0
411,0.0
411,0.0
411,1.0
411,5.0
411,9.0
412,0.0
412,0.0
412,0.0
412,0.0
412,15.0
412,7.0
413,0.0
413,0.0
413,0.0
413,0.0
413,0.0
413,0.0
413,0.0
413,1.0
413,7.0
414,0.0
414,5.0
414,6.0
415,0.0
415,0.0
415,1.0
415,5.0
416,0.0
416,0.0
416,0.0
416,1.0
416,10.0
416,5.0
417,0.0
417,0.0
417,0.0
417,0.0
417,0.0
417,0.0
417,0.0
417,0.0
417,0.0
417,0.0
418,0.0
418,0.0
418,0.0
418,0.0
418,4.0
419,0.0
419,0.0
419,0.0
419,1.0
419,6.0
420,0.0
420,0.0
420,0.0
420,0.0
420,1.0
420,6.0
421,0.0
421,0.0
421,0.0
421,0.0
421,0.0
422,0.0
422,0.0
422,0.0
422,0.0
422,0.0
422,1.0
423,0.0
423,0.0
423,0.0
423,0.0
423,0.0
423,0.0
423,0.0
423,1.0
423,2.0
424,0.0
424,0.0
424,0.0
424,0.0
424,0.0
424,0.0
424,1.0
424,1.0
424,5.0
425,0.0
425,0.0
425,0.0
425,0.0
425,0.0
425,1.0
425,1.0
425,4.0
425,7.0
426,0.0
426,0.0
426,0.0
426,0.0
426,0.0
426,0.0
426,1.0
426,1.0
427,0.0
427,0.0
427,0.0
427,1.0
427,4.0
428,0.0
428,2.0
429,0.0
429,0.0
429,0.0
429,0.0
429,0.0
429,8.0
429,8.0
430,0.0
430,0.0
430,0.0
430,0.0
430,0.0
430,2.0
431,0.0
431,0.0
431,0.0
431,0.0
431,0.0
432,0.0
432,0.0
432,0.0
432,0.0
432,1.0
433,0.0
433,0.0
433,0.0
433,2.0
434,0.0
434,0.0
434,0.0
434,0.0
434,4.0
434,9.0
435,0.0
435,0.0
435,0.0
435,14.0
435,2.0
435,2.0
435,5.0
436,0.0
436,0.0
436,16.0
437,0.0
437,4.0
438,0.0
438,0.0
438,0.0
438,0.0
438,0.0
438,1.0
438,2.0
438,2.0
438,6.0
438,8.0
439,0.0
440,0.0
440,11.0
440,2.0
441,0.0
441,0.0
441,1.0
441,4.0
442,0.0
442,0.0
442,0.0
442,0.0
442,6.0
443,0.0
443,0.0
443,0.0
443,1.0
444,0.0
444,0.0
444,0.0
444,0.0
444,0.0
444,0.0
444,0.0
445,0.0
445,0.0
445,0.0
445,0.0
445,0.0
445,0.0
445,0.0
445,0.0
446,0.0
446,0.0
446,8.0
447,0.0
447,0.0
447,0.0
447,0.0
447,0.0
447,0.0
447,1.0
448,0.0
448,0.0
448,1.0
448,1.0
448,1.0
449,0.0
449,0.0
449,1.0
449,1.0
449,2.0
450,0.0
450,0.0
450,0.0
450,0.0
450,0.0
450,1.0
451,0.0
451,0.0
451,0.0
452,0.0
452,0.0
452,1.0
452,1.0
453,0.0
454,0.0
454,0.0
454,0.0
454,1.0
454,9.0
455,0.0
455,0.0
455,1.0
455,6.0
455,7.0
455,9.0
456,0.0
456,0.0
456,0.0
456,1.0
456,5.0
457,0.0
457,0.0
457,2.0
457,5.0
458,0.0
458,0.0
458,0.0
458,10.0
458,3.0
459,0.0
459,0.0
459,0.0
459,0.0
459,1.0
460,0.0
460,0.0
460,5.0
461,0.0
461,0.0
462,0.0
462,0.0
462,0.0
462,2.0
462,6.0
462,6.0
462,9.0
463,0.0
463,0.0
463,0.0
463,0.0
464,0.0
464,6.0
465,0.0
465,0.0
465,0.0
465,12.0
466,0.0
466,0.0
466,1.0
467,0.0
467,0.0
467,0.0
467,0.0
467,0.0
467,0.0
467,0.0
467,0.0
467,0.0
467,1.0
467,3.0
468,0.0
468,0.0
468,0.0
469,0.0
469,0.0
469,0.0
469,1.0
469,10.0
469,7.0
470,0.0
470,1.0
470,2.0
470,6.0
471,0.0
471,0.0
471,0.0
471,1.0
471,1.0
471,1.0
472,0.0
472,0.0
472,0.0
472,19.0
472,2.0
473,0.0
473,0.0
473,0.0
473,0.0
474,0.0
474,0.0
474,0.0
474,0.0
474,0.0
474,2.0
475,0.0
475,0.0
475,0.0
475,0.0
475,0.0
475,0.0
475,0.0
475,0.0
475,0.0
475,1.0
475,3.0
476,0.0
476,0.0
476,1.0
477,0.0
477,0.0
477,0.0
477,0.0
477,0.0
477,0.0
477,0.0
477,1.0
477,11.0
478,0.0
478,0.0
478,0.0
478,0.0
478,0.0
479,0.0
479,0.0
479,0.0
479,0.0
479,0.0
479,0.0
479,1.0
479,1.0
479,10.0
479,3.0
479,4.0
480,0.0
480,0.0
480,0.0
480,0.0
480,0.0
480,0.0
480,0.0
480,0.0
481,0.0
481,0.0
481,0.0
481,1.0
481,1.0
481,4.0
481,6.0
481,7.0
481,8.0
482,0.0
482,0.0
482,0.0
482,0.0
483,0.0
483,0.0
483,0.0
483,0.0
483,0.0
483,6.0
484,0.0
484,0.0
484,1.0
484,5.0
484,8.0
485,0.0
485,0.0
485,0.0
485,0.0
485,0.0
485,1.0
485,1.0
486,0.0
486,0.0
486,0.0
486,0.0
486,0.0
486,1.0
487,0.0
487,0.0
487,0.0
487,0.0
487,1.0
487,2.0
487,5.0
488,0.0
488,0.0
488,0.0
488,1.0
488,1.0
488,11.0
489,0.0
489,0.0
489,1.0
490,0.0
490,1.0
490,4.0
491,0.0
491,0.0
491,0.0
492,0.0
492,0.0
492,9.0
493,4.0
493,6.0
494,0.0
494,5.0
494,7.0
494,9.0
495,0.0
496,0.0
496,0.0
496,0.0
496,0.0
496,1.0
496,9.0
497,0.0
497,0.0
497,1.0
497,8.0
497,9.0
498,0.0
498,0.0
498,1.0
498,4.0
499,1.0
500,0.0
500,0.0
500,0.0
500,0.0
500,6.0
501,0.0
501,0.0
501,0.0
501,0.0
501,3.0
501,5.0
502,0.0
502,0.0
503,0.0
504,0.0
504,2.0
504,5.0
505,0.0
505,0.0
505,0.0
506,0.0
506,0.0
506,0.0
506,9.0
507,0.0
507,0.0
507,0.0
508,0.0
508,0.0
508,2.0
508,5.0
509,0.0
509,0.0
509,0.0
509,0.0
509,0.0
509,0.0
509,0.0
509,4.0
509,5.0
510,0.0
510,0.0
510,0.0
510,0.0
510,0.0
510,0.0
511,4.0
512,0.0
512,0.0
512,0.0
512,11.0
512,3.0
512,6.0
513,0.0
513,0.0
513,0.0
513,1.0
513,5.0
513,6.0
514,0.0
514,0.0
514,0.0
514,0.0
514,0.0
514,1.0
514,13.0
514,4.0
514,4.0
515,0.0
515,1.0
515,8.0
516,0.0
516,0.0
516,0.0
516,0.0
516,7.0
516,8.0
517,0.0
517,0.0
517,0.0
517,0.0
518,0.0
518,0.0
518,0.0
519,0.0
519,0.0
519,0.0
519,0.0
519,0.0
519,6.0
520,0.0
521,0.0
521,0.0
521,0.0
521,1.0
521,1.0
522,0.0
522,0.0
522,0.0
522,0.0
522,0.0
522,2.0
522,2.0
523,0.0
523,0.0
524,0.0
524,0.0
524,0.0
524,1.0
524,4.0
525,0.0
525,0.0
525,0.0
525,0.0
525,0.0
525,1.0
525,7.0
526,0.0
526,0.0
526,0.0
526,0.0
526,0.0
527,0.0
527,0.0
527,1.0
527,4.0
528,0.0
528,0.0
528,0.0
528,0.0
528,0.0
528,0.0
528,0.0
528,3.0
528,4.0
528,6.0
529,0.0
529,0.0
529,0.0
529,0.0
529,0.0
529,1.0
529,14.0
530,0.0
530,0.0
530,5.0
531,0.0
531,0.0
531,0.0
531,0.0
532,0.0
532,0.0
532,0.0
532,8.0
533,0.0
534,0.0
534,0.0
534,1.0
536,0.0
536,0.0
536,0.0
536,0.0
536,0.0
536,0.0
536,1.0
536,8.0
537,0.0
537,0.0
537,0.0
537,2.0
538,0.0
538,0.0
538,2.0
539,0.0
539,0.0
539,0.0
540,0.0
540,0.0
540,0.0
540,1.0
540,2.0
541,0.0
541,0.0
541,0.0
541,4.0
541,6.0
541,7.0
541,9.0
542,0.0
542,0.0
542,0.0
542,10.0
542,5.0
543,0.0
543,0.0
543,0.0
543,0.0
543,0.0
543,0.0
543,1.0
543,1.0
543,2.0
543,4.0
544,0.0
544,9.0
545,0.0
545,0.0
545,0.0
546,0.0
546,0.0
546,8.0
547,0.0
547,0.0
547,0.0
547,0.0
547,0.0
547,0.0
547,2.0
547,4.0
548,0.0
548,0.0
548,0.0
549,0.0
549,1.0
550,0.0
550,14.0
551,0.0
551,0.0
551,1.0
551,13.0
551,3.0
551,9.0
552,0.0
552,0.0
552,0.0
552,1.0
553,0.0
553,0.0
553,1.0
553,10.0
553,3.0
554,0.0
554,0.0
554,6.0
555,1.0
556,0.0
556,0.0
556,0.0
556,1.0
556,5.0
557,0.0
557,0.0
557,0.0
557,1.0
558,0.0
558,0.0
558,0.0
558,1.0
559,0.0
560,0.0
560,0.0
560,0.0
560,0.0
560,0.0
560,1.0
560,1.0
560,13.0
560,2.0
560,8.0
561,0.0
561,0.0
561,0.0
561,7.0
562,1.0
563,0.0
563,0.0
563,0.0
563,0.0
563,1.0
564,0.0
564,0.0
564,5.0
564,7.0
565,0.0
565,1.0
565,1.0
566,0.0
566,0.0
566,0.0
566,0.0
567,0.0
567,0.0
567,0.0
568,0.0
568,0.0
568,0.0
568,0.0
568,7.0
569,0.0
569,10.0
570,0.0
570,0.0
570,0.0
570,2.0
570,4.0
570,6.0
571,0.0
571,0.0
571,0.0
572,0.0
572,0.0
572,0.0
572,0.0
572,0.0
572,15.0
572,4.0
572,5.0
572,7.0
573,0.0
573,0.0
573,2.0
573,4.0
573,6.0
573,7.0
574,0.0
574,0.0
574,0.0
574,0.0
574,7.0
575,0.0
575,0.0
575,0.0
575,0.0
576,0.0
576,0.0
576,0.0
577,0.0
577,0.0
577,0.0
577,0.0
577,0.0
577,5.0
577,5.0
577,9.0
578,0.0
578,0.0
578,0.0
578,2.0
578,3.0
578,3.0
579,0.0
579,0.0
579,0.0
579,1.0
580,0.0
580,7.0
581,0.0
582,0.0
582,0.0
582,0.0
582,0.0
583,0.0
583,0.0
583,0.0
584,0.0
584,6.0
585,0.0
585,0.0
585,9.0
586,1.0
586,14.0
586,3.0
586,5.0
587,0.0
587,0.0
587,1.0
588,0.0
588,0.0
588,1.0
588,6.0
589,0.0
589,0.0
589,0.0
590,0.0
590,0.0
590,0.0
590,8.0
591,0.0
591,0.0
591,0.0
591,7.0
593,0.0
594,0.0
594,0.0
594,1.0
595,0.0
595,0.0
595,0.0
596,0.0
596,0.0
597,0.0
597,0.0
597,4.0
597,7.0
598,0.0
598,0.0
598,0.0
598,0.0
599,0.0
599,0.0
599,0.0
599,0.0
599,0.0
599,1.0
599,7.0
600,0.0
601,0.0
602,0.0
602,0.0
602,0.0
603,0.0
603,0.0
603,0.0
603,0.0
604,0.0
604,0.0
604,0.0
604,0.0
605,0.0
605,0.0
605,0.0
605,0.0
605,0.0
605,0.0
605,0.0
605,11.0
607,0.0
607,0.0
608,3.0
609,0.0
609,0.0
610,0.0
610,0.0
610,0.0
610,0.0
610,4.0
611,0.0
611,0.0
611,0.0
611,0.0
611,0.0
611,1.0
611,5.0
612,0.0
612,0.0
612,0.0
612,0.0
613,0.0
613,0.0
613,0.0
613,0.0
613,1.0
613,1.0
614,0.0
615,0.0
616,0.0
616,3.0
616,5.0
617,0.0
617,0.0
617,0.0
617,7.0
618,0.0
618,1.0
618,12.0
618,5.0
619,0.0
619,0.0
619,0.0
619,0.0
619,0.0
619,0.0
619,8.0
620,0.0
620,0.0
620,0.0
620,1.0
621,0.0
621,0.0
621,0.0
621,0.0
622,0.0
622,0.0
622,0.0
622,0.0
623,0.0
623,1.0
623,6.0
624,0.0
624,6.0
625,0.0
625,4.0
625,6.0
626,0.0
626,0.0
626,1.0
626,5.0
626,7.0
626,7.0
627,0.0
627,0.0
627,0.0
627,0.0
627,1.0
627,8.0
628,0.0
628,0.0
628,0.0
628,0.0
628,1.0
629,0.0
629,0.0
629,1.0
630,0.0
630,0.0
630,0.0
630,0.0
630,0.0
630,0.0
630,0.0
630,0.0
630,0.0
630,1.0
631,0.0
631,0.0
632,0.0
632,0.0
632,0.0
632,0.0
632,0.0
632,0.0
633,9.0
634,0.0
634,0.0
634,0.0
634,0.0
634,8.0
635,0.0
635,0.0
635,0.0
635,6.0
636,0.0
636,1.0
636,4.0
637,0.0
638,2.0
639,0.0
639,0.0
639,1.0
639,6.0
640,0.0
640,1.0
641,0.0
641,0.0
641,0.0
641,0.0
641,0.0
641,1.0
641,4.0
642,0.0
642,0.0
642,0.0
642,6.0
642,7.0
643,0.0
643,0.0
643,0.0
643,0.0
643,0.0
643,14.0
643,2.0
643,6.0
644,0.0
644,7.0
645,0.0
645,6.0
646,0.0
646,0.0
646,0.0
646,0.0
646,8.0
647,0.0
647,0.0
648,0.0
648,0.0
648,0.0
648,1.0
649,0.0
649,0.0
650,0.0
650,1.0
650,2.0
650,4.0
650,7.0
651,0.0
652,2.0
653,0.0
653,0.0
653,0.0
653,0.0
653,0.0
653,0.0
653,6.0
654,0.0
654,0.0
655,0.0
655,5.0
656,0.0
656,0.0
656,0.0
656,5.0
656,8.0
657,0.0
658,0.0
658,1.0
658,3.0
659,0.0
660,0.0
661,0.0
661,9.0
662,0.0
662,2.0
663,0.0
663,0.0
663,0.0
663,2.0
664,0.0
664,0.0
664,0.0
664,5.0
665,0.0
665,0.0
665,4.0
666,0.0
666,0.0
666,0.0
667,0.0
667,0.0
667,1.0
668,1.0
669,0.0
669,0.0
670,0.0
670,0.0
670,1.0
670,3.0
671,0.0
671,0.0
672,0.0
672,0.0
672,1.0
672,9.0
673,0.0
673,0.0
673,4.0
673,5.0
673,8.0
674,0.0
674,0.0
675,0.0
675,0.0
675,1.0
676,0.0
676,0.0
676,0.0
677,0.0
677,0.0
677,0.0
677,2.0
678,0.0
678,0.0
678,0.0
678,0.0
678,7.0
679,0.0
679,10.0
679,3.0
680,0.0
680,0.0
680,5.0
681,0.0
681,0.0
681,1.0
682,0.0
682,0.0
682,7.0
683,0.0
683,0.0
683,0.0
683,1.0
684,0.0
684,0.0
684,0.0
684,0.0
684,0.0
684,2.0
685,0.0
685,13.0
685,6.0
686,0.0
686,0.0
686,1.0
686,11.0
686,4.0
687,0.0
687,0.0
687,0.0
687,0.0
687,0.0
687,1.0
687,5.0
687,9.0
689,0.0
689,0.0
689,1.0
689,1.0
690,0.0
690,0.0
690,0.0
690,0.0
690,0.0
690,3.0
690,5.0
690,8.0
691,0.0
691,0.0
691,0.0
692,0.0
692,0.0
694,0.0
694,0.0
694,1.0
695,0.0
695,0.0
695,0.0
696,0.0
696,0.0
696,0.0
696,0.0
696,0.0
696,0.0
696,1.0
696,2.0
697,0.0
697,0.0
697,0.0
697,0.0
697,0.0
698,0.0
698,0.0
698,0.0
698,0.0
698,1.0
698,1.0
699,0.0
700,0.0
700,0.0
700,0.0
700,7.0
700,8.0
701,0.0
701,1.0
702,0.0
703,0.0
703,0.0
703,0.0
703,0.0
704,0.0
704,0.0
704,0.0
704,0.0
704,0.0
704,1.0
705,0.0
705,0.0
705,0.0
705,0.0
705,0.0
705,0.0
706,2.0
707,0.0
707,0.0
708,0.0
708,0.0
709,0.0
709,0.0
709,0.0
710,0.0
710,0.0
710,0.0
710,0.0
710,0.0
710,6.0
711,0.0
711,0.0
711,0.0
711,5.0
712,0.0
712,0.0
712,8.0
713,0.0
714,0.0
714,0.0
714,2.0
715,0.0
715,0.0
715,0.0
715,0.0
715,0.0
715,1.0
716,0.0
716,0.0
716,0.0
716,4.0
717,0.0
717,0.0
717,0.0
717,0.0
717,6.0
718,0.0
718,0.0
718,0.0
718,1.0
718,4.0
719,0.0
719,0.0
719,1.0
720,0.0
720,0.0
720,1.0
720,4.0
720,5.0
721,0.0
721,0.0
721,0.0
722,0.0
722,0.0
722,10.0
722,4.0
722,8.0
723,3.0
723,4.0
723,5.0
723,8.0
724,0.0
725,0.0
725,0.0
726,0.0
726,1.0
729,0.0
729,0.0
729,0.0
729,1.0
730,0.0
730,0.0
730,4.0
731,0.0
731,0.0
731,8.0
732,0.0
732,0.0
732,0.0
732,0.0
732,0.0
732,0.0
733,0.0
733,0.0
733,5.0
734,0.0
735,0.0
735,0.0
735,0.0
735,0.0
735,4.0
736,0.0
736,0.0
736,0.0
736,0.0
736,0.0
738,1.0
739,0.0
739,0.0
739,0.0
739,0.0
740,0.0
740,0.0
741,0.0
742,0.0
742,0.0
744,4.0
744,4.0
744,7.0
745,0.0
745,0.0
745,0.0
746,0.0
747,0.0
747,0.0
747,0.0
747,0.0
747,0.0
747,0.0
747,3.0
748,0.0
748,0.0
748,0.0
748,0.0
749,0.0
749,0.0
749,0.0
749,0.0
749,6.0
751,0.0
751,4.0
752,0.0
752,0.0
753,0.0
754,0.0
755,0.0
755,0.0
755,1.0
756,0.0
756,0.0
756,5.0
757,8.0
758,0.0
758,7.0
759,0.0
759,0.0
759,8.0
762,0.0
763,0.0
763,3.0
763,5.0
764,0.0
764,0.0
764,0.0
764,0.0
764,0.0
764,0.0
765,0.0
766,0.0
767,0.0
767,0.0
767,0.0
767,1.0
767,6.0
768,0.0
769,0.0
769,0.0
769,0.0
769,0.0
769,0.0
770,0.0
770,0.0
770,0.0
770,7.0
770,7.0
771,0.0
771,0.0
771,0.0
771,0.0
771,0.0
771,0.0
772,0.0
773,0.0
773,0.0
773,1.0
773,4.0
773,4.0
774,0.0
774,0.0
774,0.0
774,0.0
775,0.0
775,0.0
776,0.0
776,1.0
777,0.0
778,1.0
779,0.0
779,0.0
780,0.0
780,0.0
780,0.0
781,0.0
782,0.0
782,0.0
782,4.0
782,5.0
783,0.0
783,0.0
784,0.0
784,0.0
784,1.0
784,11.0
784,15.0
785,0.0
785,0.0
786,12.0
787,0.0
787,0.0
787,6.0
788,0.0
789,0.0
789,0.0
789,1.0
790,0.0
792,0.0
792,0.0
793,0.0
793,0.0
793,3.0
794,0.0
794,0.0
794,0.0
794,0.0
794,7.0
795,0.0
795,1.0
795,1.0
795,9.0
796,0.0
796,0.0
797,0.0
797,0.0
797,0.0
797,4.0
797,7.0
798,0.0
798,0.0
799,0.0
799,0.0
799,1.0
800,0.0
800,0.0
800,0.0
800,1.0
800,14.0
801,0.0
801,0.0
801,0.0
802,0.0
802,0.0
802,0.0
803,0.0
803,0.0
804,0.0
804,0.0
804,0.0
804,1.0
805,0.0
805,0.0
806,0.0
806,0.0
806,0.0
806,0.0
806,0.0
807,0.0
807,0.0
807,0.0
808,0.0
808,11.0
809,0.0
809,0.0
809,0.0
809,5.0
810,0.0
810,11.0
811,0.0
811,0.0
811,0.0
811,1.0
811,10.0
812,0.0
812,0.0
812,0.0
813,0.0
813,0.0
813,0.0
813,2.0
814,0.0
815,0.0
815,6.0
816,0.0
816,0.0
818,0.0
818,0.0
819,0.0
819,0.0
819,0.0
819,2.0
820,0.0
820,0.0
822,0.0
822,0.0
822,0.0
824,0.0
825,0.0
825,9.0
826,0.0
827,0.0
828,0.0
829,0.0
829,0.0
829,0.0
829,0.0
830,0.0
830,0.0
831,0.0
831,0.0
831,0.0
831,0.0
831,0.0
832,0.0
832,0.0
833,0.0
833,0.0
834,0.0
834,0.0
834,6.0
835,0.0
835,1.0
835,1.0
836,0.0
837,0.0
840,0.0
840,2.0
842,0.0
842,0.0
842,0.0
842,0.0
842,11.0
843,0.0
843,1.0
844,0.0
844,4.0
844,8.0
845,0.0
845,0.0
845,0.0
847,0.0
847,0.0
847,0.0
848,0.0
848,0.0
849,0.0
850,0.0
850,0.0
850,0.0
850,0.0
850,1.0
850,11.0
852,0.0
852,0.0
854,0.0
854,0.0
854,2.0
855,0.0
856,4.0
857,10.0
857,7.0
858,1.0
858,6.0
859,0.0
859,0.0
860,0.0
860,0.0
860,0.0
861,0.0
862,0.0
862,0.0
863,0.0
863,0.0
863,0.0
864,0.0
865,0.0
865,0.0
865,0.0
865,0.0
866,5.0
867,0.0
867,0.0
867,4.0
867,5.0
868,0.0
868,0.0
869,0.0
869,10.0
869,4.0
870,0.0
870,0.0
871,0.0
871,0.0
872,0.0
872,1.0
873,0.0
874,0.0
875,0.0
875,0.0
875,0.0
876,0.0
876,10.0
878,0.0
878,1.0
878,3.0
879,0.0
879,0.0
879,0.0
879,0.0
879,0.0
880,0.0
880,1.0
881,0.0
882,1.0
882,6.0
883,0.0
883,0.0
883,0.0
884,0.0
884,0.0
885,0.0
886,0.0
888,0.0
888,0.0
889,0.0
889,0.0
889,0.0
889,1.0
889,8.0
891,0.0
892,0.0
892,0.0
893,0.0
893,0.0
893,0.0
893,0.0
893,1.0
894,0.0
894,0.0
894,0.0
894,0.0
895,0.0
895,0.0
895,0.0
895,0.0
895,0.0
895,1.0
896,0.0
897,0.0
898,0.0
898,0.0
898,0.0
898,1.0
898,6.0
899,0.0
899,0.0
899,0.0
900,0.0
900,2.0
901,0.0
902,6.0
903,0.0
903,0.0
903,0.0
903,0.0
903,1.0
903,11.0
903,4.0
903,8.0
904,0.0
904,0.0
905,0.0
905,0.0
905,0.0
905,0.0
905,4.0
905,5.0
906,0.0
907,0.0
908,0.0
909,1.0
910,0.0
910,1.0
911,0.0
911,1.0
912,0.0
912,0.0
912,1.0
914,0.0
914,0.0
914,1.0
915,0.0
915,0.0
916,0.0
916,0.0
916,0.0
917,0.0
917,1.0
918,0.0
918,7.0
919,0.0
919,1.0
919,4.0
920,0.0
920,0.0
921,0.0
922,0.0
922,6.0
923,0.0
923,0.0
924,0.0
925,0.0
925,5.0
926,0.0
928,0.0
928,0.0
930,0.0
931,0.0
931,1.0
932,0.0
932,0.0
932,0.0
932,0.0
932,0.0
933,1.0
934,0.0
935,0.0
936,6.0
937,0.0
938,0.0
938,0.0
938,0.0
938,0.0
939,0.0
940,0.0
941,0.0
941,0.0
941,0.0
941,0.0
941,1.0
941,2.0
941,5.0
942,0.0
942,0.0
942,0.0
943,0.0
943,0.0
943,5.0
944,0.0
944,0.0
944,6.0
945,1.0
945,8.0
946,0.0
946,1.0
947,0.0
947,0.0
948,0.0
950,0.0
950,0.0
951,0.0
951,3.0
951,6.0
953,0.0
953,0.0
953,0.0
953,5.0
954,0.0
954,0.0
954,0.0
954,1.0
954,2.0
955,1.0
956,0.0
956,0.0
956,0.0
960,0.0
960,7.0
961,0.0
962,0.0
962,0.0
963,0.0
963,0.0
963,6.0
965,0.0
965,0.0
965,0.0
965,1.0
966,6.0
967,0.0
967,0.0
967,1.0
967,14.0
968,0.0
968,0.0
969,0.0
970,0.0
971,0.0
971,0.0
971,1.0
971,4.0
971,6.0
973,0.0
974,0.0
974,5.0
976,0.0
976,5.0
977,0.0
979,0.0
979,6.0
980,0.0
981,0.0
981,0.0
981,1.0
982,1.0
983,0.0
983,12.0
983,5.0
984,5.0
987,0.0
987,0.0
987,0.0
987,8.0
988,0.0
988,0.0
988,1.0
989,0.0
990,0.0
990,5.0
991,0.0
991,0.0
992,0.0
992,0.0
993,0.0
993,0.0
995,0.0
997,0.0
997,0.0
997,0.0
998,0.0
998,0.0
998,0.0
998,1.0
999,0.0
1001,0.0
1001,0.0
1002,0.0
1002,0.0
1002,0.0
1003,0.0
1003,0.0
1003,4.0
1004,0.0
1004,6.0
1005,0.0
1005,0.0
1006,0.0
1006,0.0
1007,0.0
1008,0.0
1008,0.0
1009,0.0
1009,0.0
1010,0.0
1011,0.0
1013,0.0
1013,0.0
1013,0.0
1014,0.0
1014,0.0
1014,0.0
1015,0.0
1015,0.0
1015,1.0
1016,0.0
1016,0.0
1018,0.0
1018,0.0
1018,1.0
1019,0.0
1019,0.0
1020,1.0
1021,0.0
1022,0.0
1024,0.0
1024,0.0
1025,0.0
1025,0.0
1026,0.0
1026,0.0
1026,5.0
1027,0.0
1027,0.0
1027,12.0
1028,0.0
1030,1.0
1032,0.0
1032,0.0
1032,3.0
1032,5.0
1033,0.0
1033,0.0
1034,0.0
1035,0.0
1035,0.0
1035,0.0
1036,0.0
1037,0.0
1038,6.0
1039,0.0
1039,0.0
1040,0.0
1042,0.0
1042,3.0
1043,0.0
1043,0.0
1044,0.0
1046,0.0
1048,0.0
1048,0.0
1048,0.0
1049,0.0
1049,1.0
1050,0.0
1052,0.0
1052,5.0
1053,0.0
1055,1.0
1056,0.0
1056,0.0
1056,0.0
1056,0.0
1057,1.0
1057,4.0
1058,0.0
1058,7.0
1059,0.0
1059,0.0
1060,0.0
1062,0.0
1062,0.0
1064,0.0
1065,0.0
1066,8.0
1067,0.0
1068,0.0
1068,6.0
1069,0.0
1069,0.0
1069,1.0
1069,4.0
1070,0.0
1070,0.0
1072,0.0
1072,1.0
1072,1.0
1073,3.0
1073,6.0
1075,0.0
1076,0.0
1077,0.0
1078,0.0
1079,0.0
1079,0.0
1079,1.0
1079,1.0
1079,3.0
1080,0.0
1082,0.0
1083,0.0
1084,0.0
1084,0.0
1085,0.0
1085,1.0
1086,8.0
1087,0.0
1087,0.0
1087,0.0
1087,4.0
1088,4.0
1090,5.0
1093,0.0
1093,0.0
1094,0.0
1094,0.0
1094,7.0
1095,0.0
1095,0.0
1095,1.0
1096,1.0
1097,0.0
1097,0.0
1097,0.0
1098,0.0
1098,0.0
1099,0.0
1099,0.0
1100,0.0
1100,0.0
1100,0.0
1100,0.0
1100,0.0
1100,1.0
1100,10.0
1101,0.0
1101,6.0
1102,0.0
1103,0.0
1103,3.0
1104,0.0
1104,0.0
1105,0.0
1106,0.0
1106,0.0
1106,0.0
1106,1.0
1107,0.0
1108,0.0
1109,0.0
1109,0.0
1109,9.0
1110,7.0
1111,0.0
1111,0.0
1112,0.0
1112,0.0
1113,0.0
1114,0.0
1114,0.0
1114,0.0
1114,0.0
1115,0.0
1115,0.0
1115,8.0
1116,0.0
1116,0.0
1116,1.0
1117,0.0
1117,4.0
1118,0.0
1119,0.0
1120,1.0
1121,0.0
1121,0.0
1122,0.0
1124,0.0
1124,0.0
1124,6.0
1125,7.0
1126,0.0
1126,0.0
1127,0.0
1127,6.0
1127,8.0
1128,0.0
1128,0.0
1130,0.0
1130,0.0
1130,0.0
1130,0.0
1131,0.0
1132,2.0
1133,0.0
1133,0.0
1133,0.0
1134,0.0
1134,0.0
1134,0.0
1134,2.0
1135,0.0
1135,0.0
1135,0.0
1138,0.0
1138,0.0
1138,0.0
1138,3.0
1139,0.0
1139,4.0
1140,0.0
1140,7.0
1142,7.0
1144,0.0
1144,6.0
1145,0.0
1146,2.0
1146,6.0
1147,5.0
1147,7.0
1150,0.0
1151,1.0
1152,0.0
1153,0.0
1155,0.0
1156,0.0
1156,10.0
1157,0.0
1157,0.0
1158,0.0
1160,0.0
1160,0.0
1161,0.0
1162,0.0
1163,0.0
1164,0.0
1164,0.0
1164,0.0
1164,0.0
1165,0.0
1169,0.0
1170,0.0
1170,0.0
1171,0.0
1171,1.0
1172,0.0
1173,0.0
1173,0.0
1174,0.0
1174,7.0
1175,0.0
1175,0.0
1176,0.0
1176,0.0
1177,0.0
1177,1.0
1177,6.0
1178,0.0
1179,0.0
1181,0.0
1181,0.0
1181,0.0
1181,0.0
1183,0.0
1183,0.0
1183,0.0
1186,0.0
1187,0.0
1187,0.0
1187,0.0
1188,0.0
1189,4.0
1189,4.0
1190,0.0
1191,0.0
1191,6.0
1192,4.0
1194,0.0
1195,5.0
1196,0.0
1196,3.0
1197,0.0
1197,6.0
1199,0.0
1199,5.0
1201,0.0
1203,0.0
1204,0.0
1207,0.0
1208,0.0
1208,5.0
1209,0.0
1209,0.0
1209,1.0
1209,4.0
1211,0.0
1211,4.0
1212,0.0
1212,0.0
1213,1.0
1214,0.0
1214,0.0
1215,0.0
1215,0.0
1215,0.0
1215,1.0
1216,0.0
1216,5.0
1217,0.0
1217,5.0
1218,0.0
1218,0.0
1219,0.0
1220,0.0
1220,0.0
1221,0.0
1222,0.0
1223,0.0
1223,0.0
1223,0.0
1223,0.0
1223,0.0
1223,0.0
1223,1.0
1224,1.0
1225,0.0
1226,0.0
1226,0.0
1226,0.0
1226,0.0
1227,0.0
1227,0.0
1227,0.0
1228,0.0
1228,0.0
1229,0.0
1229,0.0
1230,0.0
1231,0.0
1232,0.0
1232,0.0
1233,0.0
1233,1.0
1234,0.0
1234,0.0
1236,0.0
1236,0.0
1237,0.0
1237,0.0
1237,0.0
1239,0.0
1241,0.0
1242,0.0
1242,0.0
1243,0.0
1243,0.0
1243,4.0
1244,0.0
1244,0.0
1244,0.0
1245,4.0
1246,0.0
1246,0.0
1248,1.0
1249,0.0
1250,0.0
1250,2.0
1253,4.0
1254,0.0
1255,0.0
1257,0.0
1257,0.0
1258,0.0
1260,6.0
1261,0.0
1261,5.0
1264,0.0
1264,0.0
1265,0.0
1265,0.0
1266,0.0
1266,0.0
1267,0.0
1267,5.0
1268,5.0
1269,0.0
1271,0.0
1271,0.0
1271,0.0
1271,0.0
1272,5.0
1273,0.0
1274,0.0
1275,0.0
1275,0.0
1275,0.0
1276,0.0
1276,0.0
1276,0.0
1276,0.0
1277,0.0
1278,7.0
1279,0.0
1281,5.0
1281,6.0
1282,0.0
1283,0.0
1283,0.0
1284,8.0
1285,0.0
1286,0.0
1287,0.0
1289,0.0
1290,1.0
1291,0.0
1293,0.0
1295,5.0
1296,0.0
1297,0.0
1299,0.0
1300,0.0
1300,1.0
1301,0.0
1302,0.0
1303,0.0
1304,0.0
1308,2.0
1310,0.0
1310,8.0
1311,0.0
1312,0.0
1313,0.0
1316,0.0
1317,7.0
1318,0.0
1318,0.0
1318,0.0
1318,5.0
1322,10.0
1323,0.0
1324,0.0
1324,12.0
1326,1.0
1327,0.0
1327,0.0
1327,0.0
1329,6.0
1330,0.0
1330,0.0
1330,0.0
1330,7.0
1331,0.0
1331,0.0
1332,0.0
1332,0.0
1334,0.0
1334,7.0
1336,0.0
1336,0.0
1338,0.0
1338,0.0
1339,0.0
1342,0.0
1343,0.0
1344,0.0
1344,0.0
1346,0.0
1347,0.0
1348,0.0
1350,0.0
1350,0.0
1351,6.0
1352,0.0
1352,0.0
1353,0.0
1355,7.0
1358,0.0
1358,0.0
1358,0.0
1358,0.0
1359,0.0
1360,0.0
1360,2.0
1361,0.0
1362,0.0
1362,0.0
1362,1.0
1363,1.0
1364,0.0
1365,5.0
1365,5.0
1366,1.0
1368,0.0
1369,0.0
1370,0.0
1370,0.0
1371,0.0
1373,0.0
1373,0.0
1374,0.0
1376,0.0
1376,0.0
1376,1.0
1378,0.0
1378,0.0
1379,0.0
1380,6.0
1380,8.0
1381,0.0
1381,0.0
1381,0.0
1381,5.0
1382,5.0
1383,5.0
1384,5.0
1386,0.0
1386,2.0
1387,0.0
1387,0.0
1387,0.0
1388,0.0
1388,0.0
1389,5.0
1393,0.0
1393,0.0
1394,0.0
1396,0.0
1396,0.0
1396,0.0
1397,0.0
1397,0.0
1397,0.0
1398,0.0
1399,6.0
1403,0.0
1405,0.0
1405,0.0
1406,0.0
1406,3.0
1408,3.0
1408,7.0
1411,8.0
1412,4.0
1413,0.0
1413,0.0
1414,4.0
1415,0.0
1415,0.0
1416,0.0
1416,0.0
1416,0.0
1416,0.0
1417,0.0
1417,0.0
1417,5.0
1421,0.0
1421,0.0
1422,5.0
1422,5.0
1423,0.0
1424,0.0
1425,0.0
1426,0.0
1427,0.0
1428,0.0
1428,5.0
1429,0.0
1429,0.0
1429,4.0
1430,0.0
1430,0.0
1430,2.0
1431,0.0
1433,1.0
1434,0.0
1435,0.0
1436,0.0
1436,0.0
1436,0.0
1437,0.0
1438,0.0
1438,0.0
1439,0.0
1441,0.0
1442,0.0
1446,0.0
1447,0.0
1448,0.0
1451,0.0
1451,6.0
1454,1.0
1455,0.0
1455,0.0
1455,1.0
1456,0.0
1457,0.0
1457,0.0
1457,1.0
1463,0.0
1464,0.0
1464,0.0
1465,0.0
1467,0.0
1467,0.0
1467,1.0
1467,6.0
1468,0.0
1469,0.0
1471,0.0
1473,0.0
1473,0.0
1473,1.0
1474,0.0
1474,0.0
1474,2.0
1479,0.0
1479,7.0
1482,0.0
1482,0.0
1482,4.0
1484,0.0
1484,6.0
1485,1.0
1487,0.0
1489,3.0
1490,0.0
1492,0.0
1492,1.0
1492,8.0
1496,0.0
1497,0.0
1499,1.0
1499,3.0
1501,0.0
1502,0.0
1503,0.0
1504,0.0
1505,0.0
1505,0.0
1507,0.0
1507,2.0
1512,0.0
1512,0.0
1512,0.0
1512,2.0
1514,0.0
1515,0.0
1516,0.0
1516,0.0
1520,0.0
1521,4.0
1525,0.0
1525,0.0
1526,0.0
1526,3.0
1527,0.0
1528,0.0
1528,0.0
1530,3.0
1531,0.0
1531,0.0
1531,0.0
1532,0.0
1532,0.0
1533,0.0
1535,5.0
1537,0.0
1537,0.0
1537,0.0
1537,0.0
1539,8.0
1540,0.0
1542,0.0
1543,0.0
1544,0.0
1544,0.0
1547,0.0
1548,0.0
1550,0.0
1551,0.0
1551,0.0
1554,0.0
1555,0.0
1555,1.0
1556,0.0
1556,0.0
1556,0.0
1557,0.0
1558,0.0
1558,1.0
1561,0.0
1561,0.0
1562,0.0
1563,6.0
1564,0.0
1564,3.0
1565,0.0
1566,0.0
1566,0.0
1567,0.0
1569,0.0
1573,0.0
1576,0.0
1580,0.0
1580,0.0
1580,0.0
1580,1.0
1581,8.0
1583,3.0
1585,0.0
1587,0.0
1589,0.0
1589,1.0
1590,0.0
1592,0.0
1593,0.0
1593,7.0
1595,0.0
1595,1.0
1597,0.0
1597,0.0
1597,0.0
1598,0.0
1604,0.0
1605,0.0
1606,0.0
1606,1.0
1607,9.0
1608,0.0
1611,0.0
1611,0.0
1614,0.0
1615,0.0
1616,0.0
1616,4.0
1617,0.0
1617,0.0
1617,3.0
1618,0.0
1619,0.0
1621,3.0
1622,0.0
1622,0.0
1623,0.0
1624,0.0
1624,0.0
1625,0.0
1626,1.0
1626,6.0
1627,0.0
1627,0.0
1628,0.0
1628,0.0
1628,6.0
1629,0.0
1629,0.0
1630,4.0
1631,0.0
1631,5.0
1632,0.0
1632,0.0
1632,0.0
1633,0.0
1635,1.0
1635,3.0
1636,0.0
1636,0.0
1638,1.0
1639,0.0
1643,0.0
1643,2.0
1644,0.0
1645,0.0
1645,6.0
1646,1.0
1647,0.0
1648,0.0
1649,13.0
1649,6.0
1655,1.0
1657,0.0
1660,0.0
1660,0.0
1665,0.0
1666,0.0
1667,0.0
1668,0.0
1670,6.0
1671,0.0
1671,0.0
1672,0.0
1672,11.0
1673,0.0
1673,1.0
1674,0.0
1674,0.0
1675,0.0
1677,0.0
1677,0.0
1679,0.0
1681,6.0
1682,0.0
1683,0.0
1684,0.0
1684,0.0
1685,0.0
1686,0.0
1688,0.0
1688,0.0
1688,0.0
1689,0.0
1690,0.0
1690,7.0
1692,0.0
1692,0.0
1693,0.0
1695,0.0
1695,0.0
1696,0.0
1696,0.0
1698,0.0
1698,0.0
1699,0.0
1699,0.0
1700,0.0
1700,0.0
1701,0.0
1701,0.0
1702,0.0
1705,0.0
1706,0.0
1707,0.0
1707,1.0
1708,0.0
1708,0.0
1708,0.0
1710,0.0
1710,0.0
1714,0.0
1714,0.0
1715,0.0
1717,0.0
1718,0.0
1721,0.0
1721,1.0
1721,4.0
1722,0.0
1722,2.0
1725,0.0
1725,1.0
1726,0.0
1726,0.0
1733,0.0
1733,1.0
1737,0.0
1738,4.0
1740,0.0
1740,0.0
1740,12.0
1741,0.0
1741,0.0
1743,6.0
1745,4.0
1754,0.0
1755,0.0
1757,0.0
1758,0.0
1759,6.0
1762,3.0
1763,0.0
1763,1.0
1764,0.0
1768,0.0
1771,0.0
1772,0.0
1773,0.0
1774,0.0
1774,0.0
1775,0.0
1779,1.0
1782,0.0
1784,11.0
1785,0.0
1789,0.0
1789,1.0
1792,0.0
1793,0.0
1794,5.0
1796,0.0
1796,0.0
1800,1.0
1802,0.0
1802,0.0
1802,0.0
1802,7.0
1804,0.0
1805,0.0
1811,0.0
1813,0.0
1813,0.0
1819,0.0
1820,0.0
1821,0.0
1823,0.0
1823,4.0
1824,0.0
1825,0.0
1829,0.0
1829,0.0
1830,0.0
1831,0.0
1833,0.0
1834,0.0
1835,0.0
1838,0.0
1839,0.0
1840,0.0
1843,0.0
1847,0.0
1848,0.0
1850,0.0
1851,2.0
1853,0.0
1854,0.0
1857,0.0
1858,0.0
1858,0.0
1859,0.0
1859,3.0
1862,0.0
1862,0.0
1863,0.0
1867,0.0
1868,0.0
1870,2.0
1871,0.0
1871,0.0
1873,1.0
1874,0.0
1875,6.0
1878,0.0
1881,0.0
1883,0.0
1883,1.0
1883,3.0
1885,0.0
1885,0.0
1887,0.0
1887,2.0
1889,0.0
1891,0.0
1891,0.0
1893,0.0
1893,0.0
1894,3.0
1895,1.0
1896,0.0
1900,0.0
1902,5.0
1904,0.0
1904,0.0
1905,0.0
1907,0.0
1908,0.0
1910,0.0
1912,0.0
1913,0.0
1916,0.0
1917,0.0
1918,0.0
1918,0.0
1918,0.0
1920,0.0
1921,0.0
1922,0.0
1922,0.0
1922,0.0
1927,0.0
1927,0.0
1930,0.0
1940,4.0
1944,7.0
1946,0.0
1949,0.0
1949,1.0
1950,0.0
1950,0.0
1952,0.0
1955,0.0
1956,7.0
1957,1.0
1958,6.0
1960,0.0
1961,0.0
1969,0.0
1969,0.0
1970,0.0
1970,0.0
1973,0.0
1979,0.0
1979,0.0
1979,4.0
1980,0.0
1983,0.0
1984,0.0
1993,5.0
1994,0.0
1994,0.0
1995,0.0
1995,0.0
1997,0.0
1997,2.0
1998,0.0
1999,0.0
2001,0.0
2001,0.0
2004,0.0
2006,0.0
2007,0.0
2008,0.0
2009,0.0
2012,1.0
2015,0.0
2017,0.0
2017,0.0
2017,1.0
2021,0.0
2027,0.0
2027,0.0
2029,0.0
2036,0.0
2036,2.0
2037,0.0
2037,0.0
2037,0.0
2038,0.0
2039,0.0
2039,1.0
2040,0.0
2040,0.0
2041,0.0
2042,0.0
2043,0.0
2044,0.0
2047,0.0
2048,0.0
2049,0.0
2051,0.0
2053,1.0
2056,0.0
2058,0.0
2058,1.0
2059,0.0
2059,0.0
2063,0.0
2064,0.0
2064,0.0
2068,0.0
2068,4.0
2069,0.0
2070,0.0
2070,5.0
2071,0.0
2072,0.0
2072,0.0
2073,0.0
2074,0.0
2076,4.0
2078,0.0
2078,0.0
2080,0.0
2081,0.0
2082,0.0
2082,1.0
2088,0.0
2088,1.0
2092,0.0
2092,1.0
2095,0.0
2101,6.0
2102,0.0
2102,0.0
2103,1.0
2105,0.0
2111,8.0
2114,0.0
2114,0.0
2118,0.0
2119,0.0
2119,0.0
2120,0.0
2120,0.0
2121,0.0
2123,4.0
2126,0.0
2126,0.0
2128,0.0
2131,0.0
2137,0.0
2138,0.0
2143,0.0
2144,0.0
2144,0.0
2144,3.0
2147,5.0
2150,0.0
2155,0.0
2157,0.0
2162,0.0
2162,0.0
2165,0.0
2165,0.0
2169,0.0
2174,3.0
2176,0.0
2178,0.0
2178,0.0
2184,0.0
2184,0.0
2185,0.0
2186,0.0
2188,0.0
2188,0.0
2191,0.0
2191,0.0
2191,1.0
2193,0.0
2193,4.0
2197,0.0
2199,1.0
2201,0.0
2201,0.0
2202,0.0
2206,0.0
2208,0.0
2213,0.0
2214,0.0
2214,6.0
2215,0.0
2216,0.0
2218,0.0
2218,1.0
2221,0.0
2221,5.0
2222,0.0
2225,0.0
2226,0.0
2228,3.0
2229,0.0
2230,0.0
2231,0.0
2237,0.0
2238,0.0
2238,4.0
2243,0.0
2243,1.0
2244,0.0
2246,2.0
2247,0.0
2247,0.0
2248,0.0
2248,0.0
2249,1.0
2252,0.0
2255,0.0
2255,1.0
2259,0.0
2264,1.0
2265,0.0
2265,1.0
2268,0.0
2270,0.0
2271,6.0
2272,1.0
2278,0.0
2280,0.0
2281,0.0
2281,0.0
2286,0.0
2287,0.0
2287,0.0
2287,0.0
2289,1.0
2293,0.0
2293,0.0
2294,0.0
2294,7.0
2295,0.0
2296,0.0
2296,0.0
2298,0.0
2299,0.0
2300,0.0
2301,0.0
2304,0.0
2306,0.0
2306,0.0
2306,1.0
2307,1.0
2313,0.0
2313,0.0
2314,0.0
2314,0.0
2319,0.0
2319,5.0
2321,0.0
2332,0.0
2337,2.0
2337,5.0
2339,0.0
2340,0.0
2342,1.0
2343,0.0
2344,0.0
2344,7.0
2347,1.0
2349,0.0
2354,0.0
2357,1.0
2361,0.0
2362,0.0
2362,0.0
2364,0.0
2371,0.0
2379,0.0
2379,1.0
2379,1.0
2386,2.0
2388,0.0
2404,0.0
2404,0.0
2407,0.0
2411,0.0
2414,0.0
2418,1.0
2424,0.0
2425,0.0
2425,0.0
2427,0.0
2427,0.0
2428,1.0
2435,0.0
2438,0.0
2439,0.0
2445,0.0
2445,0.0
2449,1.0
2451,1.0
2453,0.0
2453,0.0
2454,0.0
2456,0.0
2457,0.0
2459,0.0
2461,0.0
2461,6.0
2462,0.0
2466,6.0
2468,1.0
2472,0.0
2472,0.0
2479,0.0
2484,0.0
2487,0.0
2488,0.0
2488,0.0
2488,1.0
2492,1.0
2497,0.0
2501,0.0
2503,1.0
2505,0.0
2507,0.0
2509,0.0
2512,0.0
2513,2.0
2523,0.0
2523,0.0
2527,5.0
2529,0.0
2529,0.0
2531,5.0
2537,0.0
2542,1.0
2546,1.0
2549,3.0
2555,6.0
2557,0.0
2557,0.0
2557,3.0
2558,4.0
2559,0.0
2563,10.0
2572,0.0
2577,0.0
2578,0.0
2578,0.0
2578,0.0
2583,0.0
2584,0.0
2584,0.0
2595,0.0
2598,0.0
2598,0.0
2600,0.0
2601,0.0
2604,0.0
2605,0.0
2609,0.0
2612,0.0
2613,0.0
2614,0.0
2615,0.0
2617,0.0
2618,0.0
2620,0.0
2622,6.0
2625,0.0
2626,0.0
2628,0.0
2631,0.0
2633,0.0
2637,0.0
2637,0.0
2638,0.0
2640,0.0
2641,0.0
2649,0.0
2652,0.0
2654,0.0
2657,0.0
2659,0.0
2660,0.0
2663,0.0
2666,2.0
2681,0.0
2683,0.0
2691,0.0
2693,0.0
2695,7.0
2696,0.0
2696,0.0
2697,0.0
2698,4.0
2698,5.0
2699,0.0
2700,1.0
2709,0.0
2710,0.0
2710,0.0
2713,1.0
2715,1.0
2717,0.0
2717,0.0
2724,3.0
2725,1.0
2727,4.0
2735,0.0
2751,8.0
2752,0.0
2752,8.0
2756,0.0
2760,1.0
2761,0.0
2764,1.0
2765,3.0
2769,3.0
2769,4.0
2772,0.0
2773,0.0
2775,0.0
2775,0.0
2784,0.0
2787,1.0
2788,1.0
2790,5.0
2791,0.0
2791,0.0
2797,0.0
2798,0.0
2802,0.0
2803,0.0
2803,0.0
2805,0.0
2805,0.0
2809,0.0
2812,0.0
2813,8.0
2824,0.0
2833,0.0
2834,0.0
2844,1.0
2849,0.0
2856,0.0
2858,0.0
2862,0.0
2866,1.0
2871,3.0
2877,0.0
2882,0.0
2884,0.0
2884,0.0
2885,0.0
2892,4.0
2893,0.0
2902,0.0
2904,0.0
2910,0.0
2915,8.0
2916,0.0
2917,0.0
2921,0.0
2926,0.0
2929,0.0
2930,1.0
2931,0.0
2934,0.0
2938,0.0
2943,0.0
2952,0.0
2957,0.0
2958,0.0
2964,0.0
2969,0.0
2974,0.0
2974,0.0
2981,0.0
2983,1.0
2997,4.0
2998,0.0
2999,0.0
3001,5.0
3005,10.0
3017,0.0
3021,0.0
3024,0.0
3024,0.0
3025,0.0
3036,0.0
3038,0.0
3045,1.0
3055,1.0
3064,0.0
3064,6.0
3068,0.0
3072,0.0
3073,0.0
3080,0.0
3082,0.0
3084,0.0
3084,0.0
3085,0.0
3092,0.0
3094,0.0
3098,0.0
3100,0.0
3100,9.0
3105,0.0
3118,0.0
3118,0.0
3120,0.0
3130,0.0
3131,0.0
3131,0.0
3132,0.0
3137,0.0
3143,5.0
3144,0.0
3150,4.0
3153,1.0
3158,0.0
3164,0.0
3166,0.0
3168,0.0
3174,0.0
3178,0.0
3193,0.0
3199,0.0
3203,0.0
3206,0.0
3223,0.0
3231,0.0
3231,1.0
3236,0.0
3237,6.0
3240,0.0
3240,0.0
3244,0.0
3262,0.0
3266,0.0
3271,4.0
3273,1.0
3274,0.0
3276,2.0
3278,0.0
3278,3.0
3280,4.0
3280,4.0
3280,5.0
3292,0.0
3294,0.0
3294,1.0
3300,0.0
3300,0.0
3308,0.0
3314,0.0
3317,0.0
3319,0.0
3321,0.0
3346,0.0
3351,0.0
3352,0.0
3352,0.0
3366,0.0
3366,0.0
3368,7.0
3369,0.0
3369,5.0
3380,0.0
3382,0.0
3385,0.0
3386,0.0
3392,2.0
3395,0.0
3405,0.0
3407,0.0
3409,4.0
3414,0.0
3418,2.0
3421,6.0
3422,0.0
3442,6.0
3450,0.0
3464,0.0
3469,0.0
3470,0.0
3473,0.0
3475,0.0
3481,1.0
3485,1.0
3506,1.0
3535,0.0
3536,0.0
3541,4.0
3542,0.0
3544,4.0
3553,0.0
3557,0.0
3566,0.0
3574,0.0
3576,0.0
3581,0.0
3584,0.0
3586,0.0
3588,0.0
3591,5.0
3621,0.0
3622,2.0
3627,0.0
3634,7.0
3640,0.0
3644,4.0
3652,0.0
3655,0.0
3657,0.0
3666,0.0
3671,0.0
3672,6.0
3690,0.0
3706,5.0
3709,0.0
3716,1.0
3732,0.0
3735,0.0
3742,0.0
3745,1.0
3752,0.0
3756,2.0
3769,0.0
3781,0.0
3782,2.0
3788,0.0
3791,0.0
3792,0.0
3793,0.0
3804,4.0
3815,0.0
3826,0.0
3829,0.0
3835,6.0
3848,0.0
3848,0.0
3848,0.0
3848,0.0
3857,0.0
3859,0.0
3871,0.0
3876,0.0
3881,0.0
3890,0.0
3894,4.0
3904,0.0
3904,5.0
3905,1.0
3929,0.0
3931,1.0
3941,0.0
3943,7.0
3950,0.0
3952,6.0
3965,0.0
3965,0.0
3987,0.0
3988,0.0
3994,0.0
3999,0.0
4004,0.0
4010,7.0
4034,0.0
4041,0.0
4054,4.0
4059,0.0
4060,0.0
4060,4.0
4072,0.0
4072,0.0
4079,0.0
4089,2.0
4101,1.0
4104,8.0
4109,0.0
4118,6.0
4123,0.0
4128,0.0
4138,0.0
4142,4.0
4144,0.0
4145,0.0
4146,0.0
4147,0.0
4150,4.0
4182,0.0
4186,0.0
4186,0.0
4187,0.0
4190,0.0
4213,1.0
4222,0.0
4225,0.0
4234,0.0
4252,0.0
4256,3.0
4264,0.0
4275,0.0
4279,0.0
4283,0.0
4289,0.0
4294,0.0
4311,0.0
4337,0.0
4357,0.0
4359,0.0
4366,0.0
4407,1.0
4414,0.0
4439,0.0
4442,0.0
4449,0.0
4464,0.0
4468,1.0
4470,1.0
4475,4.0
4487,0.0
4501,0.0
4502,0.0
4505,5.0
4510,0.0
4523,4.0
4537,0.0
4573,0.0
4577,0.0
4586,1.0
4588,4.0
4594,0.0
4594,1.0
4600,0.0
4610,0.0
4613,0.0
4616,0.0
4619,0.0
4633,0.0
4660,0.0
4679,0.0
4692,0.0
4696,0.0
4702,3.0
4734,4.0
4736,1.0
4737,0.0
4741,3.0
4757,0.0
4759,1.0
4776,0.0
4809,0.0
4809,1.0
4810,0.0
4828,0.0
4836,0.0
4841,0.0
4847,0.0
4853,1.0
4856,0.0
4861,0.0
4862,0.0
4865,0.0
4865,6.0
4866,0.0
4873,0.0
4876,0.0
4877,5.0
4911,0.0
4912,0.0
4915,0.0
4934,0.0
4939,0.0
4954,0.0
4966,0.0
4974,0.0
4988,0.0
4991,1.0
5009,0.0
5010,0.0
5012,0.0
5036,0.0
5037,0.0
5040,1.0
5044,0.0
5090,0.0
5092,0.0
5120,0.0
5122,0.0
5130,0.0
5135,0.0
5137,0.0
5225,0.0
5234,0.0
5245,0.0
5249,0.0
5260,0.0
5260,1.0
5311,3.0
5313,0.0
5319,0.0
5319,0.0
5331,0.0
5333,1.0
5347,0.0
5363,5.0
5378,0.0
5387,0.0
5392,0.0
5411,1.0
5422,0.0
5448,0.0
5452,0.0
5464,0.0
5466,1.0
5476,0.0
5482,0.0
5484,0.0
5502,0.0
5507,0.0
5520,0.0
5547,0.0
5547,0.0
5556,0.0
5574,0.0
5589,0.0
5597,0.0
5599,1.0
5620,0.0
5630,0.0
5633,0.0
5672,0.0
5681,0.0
5684,0.0
5698,0.0
5715,0.0
5719,0.0
5726,4.0
5748,0.0
5757,0.0
5765,0.0
5782,0.0
5791,5.0
5797,6.0
5808,0.0
5810,0.0
5810,2.0
5833,0.0
5840,0.0
5844,0.0
5862,0.0
5870,0.0
5884,0.0
5894,0.0
5896,6.0
5924,2.0
5941,0.0
5983,0.0
5984,0.0
5999,0.0
6012,1.0
6040,0.0
6075,0.0
6093,0.0
6099,1.0
6105,1.0
6109,0.0
6116,0.0
6142,0.0
6148,5.0
6183,0.0
6213,1.0
6255,0.0
6268,0.0
6285,0.0
6301,0.0
6325,0.0
6389,0.0
6391,0.0
6428,1.0
6487,0.0
6494,0.0
6530,0.0
6546,1.0
6589,0.0
6595,0.0
6603,0.0
6612,0.0
6616,0.0
6641,0.0
6647,0.0
6658,0.0
6696,0.0
6730,1.0
6809,1.0
6818,0.0
6836,0.0
6851,0.0
6877,3.0
6898,1.0
6905,0.0
6954,0.0
6957,0.0
7008,0.0
7045,1.0
7049,0.0
7068,4.0
7097,0.0
7161,0.0
7176,0.0
7183,0.0
7343,1.0
7343,4.0
7357,0.0
7411,0.0
7445,0.0
7445,1.0
7475,0.0
7506,0.0
7548,0.0
7562,0.0
7571,0.0
7588,0.0
7651,3.0
7652,0.0
7711,3.0
7715,0.0
7737,5.0
7809,1.0
7869,0.0
7882,0.0
7896,0.0
7897,4.0
7913,4.0
7939,0.0
7948,1.0
7957,0.0
7969,0.0
8004,0.0
8005,0.0
8041,5.0
8131,0.0
8249,1.0
8257,0.0
8279,0.0
8346,0.0
8359,0.0
8405,0.0
8437,0.0
8446,0.0
8459,0.0
8477,0.0
8488,0.0
8525,5.0
8550,1.0
8583,0.0
8650,0.0
8771,4.0
8827,0.0
8834,0.0
8846,5.0
8858,0.0
8897,4.0
8916,0.0
8923,0.0
8926,0.0
8926,0.0
8981,1.0
8994,0.0
9086,0.0
9106,0.0
9128,0.0
9168,0.0
9210,0.0
9232,0.0
9253,3.0
9269,0.0
9284,0.0
9307,0.0
9376,0.0
9418,0.0
9534,3.0
9558,0.0
9757,0.0
9819,0.0
9846,1.0
9850,0.0
9850,0.0
9850,0.0
10073,1.0
10109,0.0
10132,0.0
10188,0.0
10205,0.0
10213,1.0
10228,0.0
10270,4.0
10322,2.0
10398,1.0
10423,0.0
10448,0.0
10448,0.0
10547,0.0
10727,0.0
10761,0.0
10761,0.0
10916,0.0
11043,0.0
11047,6.0
11078,4.0
11095,0.0
11157,0.0
11214,0.0
11248,0.0
11332,0.0
11380,0.0
11548,0.0
11550,0.0
11641,0.0
11864,0.0
11910,1.0
11990,0.0
12145,1.0
12162,2.0
12252,0.0
12252,0.0
12285,0.0
12288,0.0
12342,0.0
12604,2.0
12829,0.0
12920,0.0
13078,0.0
13177,0.0
13316,0.0
13421,1.0
13482,6.0
13594,0.0
13629,0.0
13646,1.0
13796,2.0
13826,0.0
14058,0.0
14190,0.0
14283,0.0
14523,1.0
14608,1.0
14791,0.0
14909,0.0
14956,0.0
15474,1.0
15518,0.0
15531,4.0
15549,0.0
15638,0.0
15677,1.0
15948,0.0
15966,0.0
16358,2.0
16443,0.0
16501,0.0
16546,0.0
17045,0.0
17045,1.0
17257,0.0
17461,3.0
17573,0.0
17701,0.0
17901,3.0
18134,1.0
18307,0.0
18778,0.0
19153,0.0
19733,0.0
19904,1.0
20440,1.0
21185,0.0
21328,1.0
21531,0.0
21914,0.0
22371,0.0
22371,0.0
22896,5.0
23677,0.0
23860,0.0
23860,0.0
23860,0.0
24788,0.0
24982,0.0
25528,0.0
25953,2.0
26260,0.0
26794,0.0
29096,0.0
29147,1.0
29364,0.0
29408,0.0
30338,1.0
30410,0.0
31614,0.0
34333,1.0
35482,0.0
36555,0.0
36633,0.0
36801,0.0
37393,0.0
37715,0.0
37903,0.0
40380,0.0
42485,4.0
43263,0.0
48013,1.0
50993,0.0
53177,2.0
61419,0.0
62374,0.0
65885,2.0
65885,2.0
65885,2.0
71131,0.0
78254,0.0
79317,2.0
79317,2.0
82314,3.0
82314,3.0
82601,1.0
82601,1.0
85322,0.0
88239,0.0
88239,0.0
88797,0.0
91932,0.0
98833,0.0
99985,0.0
115066,0.0
136714,0.0
136714,0.0
138708,0.0
138708,0.0
146166,2.0
182926,1.0
195007,0.0
195007,0.0
203894,0.0
203894,0.0
222438,0.0
222438,0.0
229866,1.0
229866,1.0
285237,0.0
285237,0.0
310117,2.0
310117,2.0
313433,0.0
313433,0.0
378895,0.0
378895,0.0
408181,0.0
408181,0.0
453977,0.0
453977,0.0
493317,0.0
493317,0.0
504996,0.0
504996,0.0
529251,5.0
529251,5.0
561748,0.0
561748,0.0
568610,0.0
568610,0.0
625471,0.0
625471,0.0
685586,0.0
685586,0.0
713690,0.0
713690,0.0
756011,0.0
756011,0.0
768531,4.0
768531,4.0
967509,1.0
967509,1.0
2421863,0.0
2664872,0.0
3885565,2.0
